Case_ID;attrition;Ri_Global_Risk;Ci_Context_Score;Prioritization_Score;cw_prob;fin_prob;od_prob;hr_prob;mu_training_high;mu_education_high;mu_years_company_relevant;mu_years_role_relevant;mu_age_investment_window;mu_experience_sufficient;mu_role_adaptability
Abigail Anderson;Yes;0.979582;0.0;0.489791;0.999959;0.996824;0.922592;0.987873;0.4;0.333333;0.0;0.0;0.0;0.0;0.4
Adam White;Yes;0.964541;0.171429;0.567985;0.987199;0.996855;0.868661;0.986774;0.2;0.666667;0.285714;0.6;1.0;0.875;0.6
Alice Brown;Yes;0.929494;0.56;0.744747;0.986717;0.987725;0.725693;0.978174;0.6;0.666667;0.7;0.8;1.0;1.0;0.9
Andrew Ross;Yes;0.93023;0.466667;0.698448;0.98559;0.990341;0.771079;0.94296;0.6;0.333333;1.0;0.6;1.0;1.0;0.6
Andrew Wood;Yes;0.928752;0.566667;0.747709;0.992028;0.997232;0.71013;0.97307;0.8;0.333333;0.714286;0.8;1.0;0.75;0.6
Aria Adams;Yes;0.962919;0.171429;0.567174;0.995304;0.996986;0.874321;0.967838;0.4;0.666667;0.285714;0.6;1.0;1.0;0.4
Aria Flores;No;0.033052;0.433333;0.233193;0.001347;0.00737;0.141982;0.002706;0.2;0.666667;1.0;0.6;1.0;1.0;0.6
Brian Long;Yes;0.136774;0.0;0.068387;0.000557;0.002117;0.587846;0.044343;0.0;0.0;0.428571;0.6;1.0;0.75;0.6
Camila Phillips;Yes;0.989319;0.0;0.494659;0.99996;0.998764;0.965161;0.988699;0.4;0.333333;0.0;0.0;0.0;0.0;0.4
Caroline Bennett;Yes;0.936767;0.457143;0.696955;0.996007;0.996996;0.75305;0.965278;0.4;0.666667;0.571429;0.8;1.0;1.0;0.6
Caroline Roberts;No;0.02033;0.6;0.310165;0.000326;0.006197;0.084801;0.002537;1.0;0.333333;1.0;0.6;1.0;1.0;0.9
Claire Bailey;No;0.028208;0.533333;0.280771;0.000656;0.000443;0.12933;0.002087;0.4;0.666667;0.8;0.8;1.0;1.0;0.6
Diana Kelly;No;0.058491;0.36;0.209245;0.000543;0.004382;0.26699;0.002626;0.2;0.666667;0.9;0.4;1.0;1.0;0.7
Dominic Perry;No;0.022883;0.4;0.211442;0.003221;0.000867;0.101268;0.001438;0.4;0.666667;0.857143;0.6;0.714286;1.0;0.4
Eleanor Foster;Yes;0.957411;0.333333;0.645372;0.99376;0.990683;0.868083;0.95976;0.0;0.666667;0.714286;0.8;0.666667;0.75;0.6
Emma Smith;No;0.038839;0.366667;0.202753;0.070361;0.000458;0.090183;0.004482;0.4;0.333333;0.7;0.6;1.0;1.0;0.6
Evan Fisher;No;0.155582;0.4;0.277791;0.013967;0.072663;0.309783;0.255671;1.0;0.333333;0.571429;0.8;0.666667;0.75;0.4
Evan Rogers;No;0.002385;0.457143;0.229764;0.000389;0.000266;0.009527;0.000748;1.0;0.333333;0.571429;0.8;0.857143;1.0;0.7
Faith Baker;Yes;0.958564;0.2;0.579282;0.999951;0.990144;0.837539;0.983087;0.8;0.0;1.0;0.2;1.0;1.0;0.9
Hunter Adams;No;0.011028;0.571429;0.291228;0.002304;0.00024;0.046166;0.002245;0.6;0.666667;0.714286;0.8;1.0;1.0;0.9
Ian Fisher;Yes;0.943045;0.166667;0.554856;0.985159;0.997163;0.779763;0.978302;0.0;0.333333;0.428571;0.6;0.5;0.5;0.6
Jack Wood;Yes;0.952764;0.16;0.556382;0.992006;0.994285;0.811668;0.985635;0.6;0.333333;0.2;0.8;1.0;1.0;0.7
Jessica Wilson;Yes;0.9444;0.4;0.6722;0.997048;0.995535;0.780747;0.972436;0.6;0.666667;0.571429;0.8;1.0;0.625;0.4
John Price;No;0.002778;0.0;0.001389;0.000311;0.002173;0.008427;0.001298;0.8;0.333333;0.0;0.2;1.0;1.0;0.7
Jonathan Lewis;No;0.016134;0.3125;0.164317;0.000208;0.000264;0.074581;0.000861;1.0;0.0;0.571429;0.8;0.5;0.625;0.7
Jordan Bailey;Yes;0.946379;0.2;0.573189;0.994187;0.99761;0.776539;0.984122;0.4;0.666667;1.0;0.2;1.0;1.0;0.9
Julia Smith;No;0.004779;0.733333;0.369056;1.6e-05;0.000517;0.018587;0.002682;0.8;0.666667;1.0;0.8;1.0;1.0;0.9
Laura Baker;Yes;0.935868;0.6;0.767934;0.990951;0.993961;0.740833;0.979767;0.2;1.0;1.0;0.6;1.0;1.0;0.7
Liam Clark;No;0.17133;0.0;0.085665;0.001389;0.001085;0.805109;0.001108;0.2;0.333333;0.0;0.2;1.0;0.5;0.9
Lucas Brooks;No;0.017827;0.333333;0.17558;0.000321;0.002295;0.078912;0.001669;0.0;0.666667;0.571429;0.8;1.0;1.0;0.9
Lucas Wright;Yes;0.988244;0.0;0.494122;0.999909;0.99807;0.973269;0.978832;0.0;0.333333;0.0;0.2;1.0;0.375;0.9
Lucy Kelly;No;0.013397;0.466667;0.240032;0.000963;0.001596;0.05801;0.001701;0.6;0.333333;0.714286;0.8;1.0;1.0;0.9
Lucy Scott;Yes;0.874745;0.366667;0.620706;0.962743;0.972244;0.554165;0.947425;0.4;0.333333;0.857143;0.6;1.0;0.875;0.6
Madison Foster;Yes;0.919318;0.366667;0.642992;0.977372;0.995055;0.672545;0.984238;0.4;0.333333;1.0;0.6;1.0;1.0;0.6
Madison Johnson;No;0.012982;0.466667;0.239825;1.1e-05;0.032609;0.018828;0.001581;0.6;0.333333;0.857143;0.6;1.0;0.875;0.9
Mia Jones;No;0.003216;0.0;0.001608;8e-06;0.000388;0.013684;0.000821;0.4;0.333333;0.0;0.2;1.0;1.0;0.9
Mila Nelson;No;0.017447;0.457143;0.237295;0.005986;0.032377;0.032218;0.002055;0.4;0.666667;0.571429;0.8;1.0;1.0;0.9
Nathan Barnes;No;0.00436;0.5;0.25218;0.000488;0.002892;0.012522;0.003122;1.0;0.0;0.857143;0.8;1.0;1.0;0.7
Nicholas Jackson;No;0.001465;0.533333;0.267399;0.000492;0.000359;0.004656;0.000974;0.4;0.666667;0.714286;0.8;1.0;1.0;0.7
Nicole Bailey;Yes;0.86984;0.0;0.43492;0.992507;0.989498;0.43298;0.979351;0.0;0.0;0.0;0.0;1.0;0.75;0.7
Noah Lewis;No;0.065051;0.266667;0.165859;0.001344;0.000418;0.303599;0.001278;0.2;0.333333;1.0;0.8;1.0;1.0;0.7
Olivia Johnson;No;0.123442;0.171429;0.147435;0.00941;0.03876;0.515806;0.006138;0.6;0.333333;0.285714;0.6;1.0;1.0;0.6
Oscar Cruz;No;0.052904;0.333333;0.193119;0.001459;0.157362;0.050501;0.001649;0.0;0.666667;0.571429;0.8;1.0;0.625;0.6
Rachel Ward;No;0.032199;0.366667;0.199433;0.000418;0.010811;0.135223;0.002386;0.4;0.333333;1.0;0.4;1.0;1.0;0.4
Sarah Jenkins;Yes;0.97472;0.0;0.48736;0.999915;0.99337;0.902588;0.98898;0.4;0.333333;0.0;0.0;1.0;0.0;0.4
Theodore Adams;Yes;0.980275;0.0;0.490138;0.99337;0.997967;0.927688;0.991835;0.0;0.333333;0.0;0.0;1.0;1.0;0.9
Tyler Howard;Yes;0.961158;0.166667;0.563912;0.999956;0.997724;0.850969;0.974558;0.6;0.333333;0.428571;0.4;0.333333;0.5;0.4
Victoria Cruz;Yes;0.960368;0.257143;0.608755;0.986386;0.989733;0.865372;0.98149;1.0;0.0;0.428571;0.6;1.0;0.75;0.6
William Roberts;No;0.006978;0.0;0.003489;4e-06;0.000605;0.028176;0.003253;0.2;0.666667;0.0;0.2;1.0;1.0;0.8
William Young;Yes;0.975138;0.0;0.487569;0.990795;0.996996;0.952463;0.955905;0.4;0.666667;0.0;0.2;1.0;0.375;0.9
