sigma_r,top_k,config_id,policy_violation_rate_mean,policy_violation_rate_std,policy_violation_rate_ci_low,policy_violation_rate_ci_high
0.0,10,geometric@0.10,0.0,0.0,0.0,0.0
0.0,10,geometric@0.50,0.0,0.0,0.0,0.0
0.0,10,geometric@0.90,0.0,0.0,0.0,0.0
0.0,10,linear@0.10,0.0,0.0,0.0,0.0
0.0,10,linear@0.50,0.0,0.0,0.0,0.0
0.0,10,linear@0.90,0.048,0.084042031526273,0.0,0.3
0.0,10,min,0.0,0.0,0.0,0.0
0.0,20,geometric@0.10,0.0,0.0,0.0,0.0
0.0,20,geometric@0.50,0.0,0.0,0.0,0.0
0.0,20,geometric@0.90,0.0,0.0,0.0,0.0
0.0,20,linear@0.10,0.0,0.0,0.0,0.0
0.0,20,linear@0.50,0.0,0.0,0.0,0.0
0.0,20,linear@0.90,0.2028,0.10643537235566233,0.05,0.45
0.0,20,min,0.0,0.0,0.0,0.0
0.0,30,geometric@0.10,0.0,0.0,0.0,0.0
0.0,30,geometric@0.50,0.0,0.0,0.0,0.0
0.0,30,geometric@0.90,0.0,0.0,0.0,0.0
0.0,30,linear@0.10,0.0,0.0,0.0,0.0
0.0,30,linear@0.50,0.0,0.0,0.0,0.0
0.0,30,linear@0.90,0.29656666666666665,0.09271298079513476,0.1333333333333333,0.5
0.0,30,min,0.0,0.0,0.0,0.0
0.0,40,geometric@0.10,0.0,0.0,0.0,0.0
0.0,40,geometric@0.50,0.0,0.0,0.0,0.0
0.0,40,geometric@0.90,0.0,0.0,0.0,0.0
0.0,40,linear@0.10,0.0,0.0,0.0,0.0
0.0,40,linear@0.50,0.0,0.0,0.0,0.0
0.0,40,linear@0.90,0.35280000000000006,0.07995969955892501,0.2,0.5
0.0,40,min,0.0,0.0,0.0,0.0
0.0,50,geometric@0.10,0.0,0.0,0.0,0.0
0.0,50,geometric@0.50,0.0,0.0,0.0,0.0
0.0,50,geometric@0.90,0.0,0.0,0.0,0.0
0.0,50,linear@0.10,0.0,0.0,0.0,0.0
0.0,50,linear@0.50,0.0,0.0,0.0,0.0
0.0,50,linear@0.90,0.3890600000000001,0.07072282600489123,0.25950000000000006,0.52
0.0,50,min,0.0,0.0,0.0,0.0
0.0,60,geometric@0.10,0.0,0.0,0.0,0.0
0.0,60,geometric@0.50,0.0,0.0,0.0,0.0
0.0,60,geometric@0.90,0.0,0.0,0.0,0.0
0.0,60,linear@0.10,0.0,0.0,0.0,0.0
0.0,60,linear@0.50,0.0,0.0,0.0,0.0
0.0,60,linear@0.90,0.41368333333333335,0.06309448446199621,0.2833333333333333,0.5333333333333333
0.0,60,min,0.0,0.0,0.0,0.0
0.0,70,geometric@0.10,0.0,0.0,0.0,0.0
0.0,70,geometric@0.50,0.0,0.0,0.0,0.0
0.0,70,geometric@0.90,0.0,0.0,0.0,0.0
0.0,70,linear@0.10,0.0,0.0,0.0,0.0
0.0,70,linear@0.50,0.0,0.0,0.0,0.0
0.0,70,linear@0.90,0.43204285714285706,0.05841209979082589,0.3142857142857143,0.5428571428571428
0.0,70,min,0.0,0.0,0.0,0.0
0.0,80,geometric@0.10,0.0,0.0,0.0,0.0
0.0,80,geometric@0.50,0.0,0.0,0.0,0.0
0.0,80,geometric@0.90,0.0,0.0,0.0,0.0
0.0,80,linear@0.10,0.0,0.0,0.0,0.0
0.0,80,linear@0.50,0.0,0.0,0.0,0.0
0.0,80,linear@0.90,0.4451125,0.05452801480109236,0.3375,0.55
0.0,80,min,0.0,0.0,0.0,0.0
0.0,90,geometric@0.10,0.0,0.0,0.0,0.0
0.0,90,geometric@0.50,0.0,0.0,0.0,0.0
0.0,90,geometric@0.90,0.0,0.0,0.0,0.0
0.0,90,linear@0.10,0.0,0.0,0.0,0.0
0.0,90,linear@0.50,0.0,0.0,0.0,0.0
0.0,90,linear@0.90,0.4546777777777778,0.05137388626306188,0.3555555555555555,0.5447222222222219
0.0,90,min,0.0,0.0,0.0,0.0
0.0,100,geometric@0.10,0.0,0.0,0.0,0.0
0.0,100,geometric@0.50,0.0,0.0,0.0,0.0
0.0,100,geometric@0.90,0.0,0.0,0.0,0.0
0.0,100,linear@0.10,0.0,0.0,0.0,0.0
0.0,100,linear@0.50,0.0,0.0,0.0,0.0
0.0,100,linear@0.90,0.46188,0.04728743703883413,0.37,0.55
0.0,100,min,0.0,0.0,0.0,0.0
0.05,10,geometric@0.10,0.0,0.0,0.0,0.0
0.05,10,geometric@0.50,0.0,0.0,0.0,0.0
0.05,10,geometric@0.90,0.0,0.0,0.0,0.0
0.05,10,linear@0.10,0.0,0.0,0.0,0.0
0.05,10,linear@0.50,0.0,0.0,0.0,0.0
0.05,10,linear@0.90,0.0296,0.0853881205504087,0.0,0.3
0.05,10,min,0.0,0.0,0.0,0.0
0.05,20,geometric@0.10,0.0,0.0,0.0,0.0
0.05,20,geometric@0.50,0.0,0.0,0.0,0.0
0.05,20,geometric@0.90,0.0,0.0,0.0,0.0
0.05,20,linear@0.10,0.0,0.0,0.0,0.0
0.05,20,linear@0.50,0.0,0.0,0.0,0.0
0.05,20,linear@0.90,0.28609999999999997,0.13205767387482345,0.0,0.5
0.05,20,min,0.0,0.0,0.0,0.0
0.05,30,geometric@0.10,0.0,0.0,0.0,0.0
0.05,30,geometric@0.50,0.0,0.0,0.0,0.0
0.05,30,geometric@0.90,0.0,0.0,0.0,0.0
0.05,30,linear@0.10,0.0,0.0,0.0,0.0
0.05,30,linear@0.50,0.0,0.0,0.0,0.0
0.05,30,linear@0.90,0.3650666666666666,0.08673373345069423,0.2,0.5333333333333333
0.05,30,min,0.0,0.0,0.0,0.0
0.05,40,geometric@0.10,0.0,0.0,0.0,0.0
0.05,40,geometric@0.50,0.0,0.0,0.0,0.0
0.05,40,geometric@0.90,0.0,0.0,0.0,0.0
0.05,40,linear@0.10,0.0,0.0,0.0,0.0
0.05,40,linear@0.50,0.0,0.0,0.0,0.0
0.05,40,linear@0.90,0.39230000000000004,0.07408575233267661,0.25,0.525
0.05,40,min,0.0,0.0,0.0,0.0
0.05,50,geometric@0.10,0.0,0.0,0.0,0.0
0.05,50,geometric@0.50,0.0,0.0,0.0,0.0
0.05,50,geometric@0.90,0.0,0.0,0.0,0.0
0.05,50,linear@0.10,0.0,0.0,0.0,0.0
0.05,50,linear@0.50,0.0,0.0,0.0,0.0
0.05,50,linear@0.90,0.41086,0.06674515199859324,0.28,0.54
0.05,50,min,0.0,0.0,0.0,0.0
0.05,60,geometric@0.10,0.0,0.0,0.0,0.0
0.05,60,geometric@0.50,0.0,0.0,0.0,0.0
0.05,60,geometric@0.90,0.0,0.0,0.0,0.0
0.05,60,linear@0.10,0.0,0.0,0.0,0.0
0.05,60,linear@0.50,0.0,0.0,0.0,0.0
0.05,60,linear@0.90,0.42458333333333337,0.06068734453838342,0.3,0.5333333333333333
0.05,60,min,0.0,0.0,0.0,0.0
0.05,70,geometric@0.10,0.0,0.0,0.0,0.0
0.05,70,geometric@0.50,0.0,0.0,0.0,0.0
0.05,70,geometric@0.90,0.0,0.0,0.0,0.0
0.05,70,linear@0.10,0.0,0.0,0.0,0.0
0.05,70,linear@0.50,0.0,0.0,0.0,0.0
0.05,70,linear@0.90,0.4342142857142857,0.056562502274938115,0.3282142857142857,0.5428571428571428
0.05,70,min,0.0,0.0,0.0,0.0
0.05,80,geometric@0.10,0.0,0.0,0.0,0.0
0.05,80,geometric@0.50,0.0,0.0,0.0,0.0
0.05,80,geometric@0.90,0.0,0.0,0.0,0.0
0.05,80,linear@0.10,0.0,0.0,0.0,0.0
0.05,80,linear@0.50,0.0,0.0,0.0,0.0
0.05,80,linear@0.90,0.44291250000000004,0.053361583112781635,0.3375,0.55
0.05,80,min,0.0,0.0,0.0,0.0
0.05,90,geometric@0.10,0.0,0.0,0.0,0.0
0.05,90,geometric@0.50,0.0,0.0,0.0,0.0
0.05,90,geometric@0.90,0.0,0.0,0.0,0.0
0.05,90,linear@0.10,0.0,0.0,0.0,0.0
0.05,90,linear@0.50,0.0,0.0,0.0,0.0
0.05,90,linear@0.90,0.44991111111111115,0.04990622083259132,0.3555555555555555,0.5447222222222219
0.05,90,min,0.0,0.0,0.0,0.0
0.05,100,geometric@0.10,0.0,0.0,0.0,0.0
0.05,100,geometric@0.50,0.0,0.0,0.0,0.0
0.05,100,geometric@0.90,0.0,0.0,0.0,0.0
0.05,100,linear@0.10,0.0,0.0,0.0,0.0
0.05,100,linear@0.50,0.0,0.0,0.0,0.0
0.05,100,linear@0.90,0.45512,0.04659782137564972,0.36,0.54
0.05,100,min,0.0,0.0,0.0,0.0
0.1,10,geometric@0.10,0.0,0.0,0.0,0.0
0.1,10,geometric@0.50,0.0,0.0,0.0,0.0
0.1,10,geometric@0.90,0.0,0.0,0.0,0.0
0.1,10,linear@0.10,0.0,0.0,0.0,0.0
0.1,10,linear@0.50,0.0,0.0,0.0,0.0
0.1,10,linear@0.90,0.0,0.0,0.0,0.0
0.1,10,min,0.0,0.0,0.0,0.0
0.1,20,geometric@0.10,0.0,0.0,0.0,0.0
0.1,20,geometric@0.50,0.0,0.0,0.0,0.0
0.1,20,geometric@0.90,0.0,0.0,0.0,0.0
0.1,20,linear@0.10,0.0,0.0,0.0,0.0
0.1,20,linear@0.50,0.0,0.0,0.0,0.0
0.1,20,linear@0.90,0.01925,0.05540764845675648,0.0,0.2
0.1,20,min,0.0,0.0,0.0,0.0
0.1,30,geometric@0.10,0.0,0.0,0.0,0.0
0.1,30,geometric@0.50,0.0,0.0,0.0,0.0
0.1,30,geometric@0.90,0.0,0.0,0.0,0.0
0.1,30,linear@0.10,0.0,0.0,0.0,0.0
0.1,30,linear@0.50,0.0,0.0,0.0,0.0
0.1,30,linear@0.90,0.19146666666666665,0.1372322176839657,0.0,0.4666666666666667
0.1,30,min,0.0,0.0,0.0,0.0
0.1,40,geometric@0.10,0.0,0.0,0.0,0.0
0.1,40,geometric@0.50,0.0,0.0,0.0,0.0
0.1,40,geometric@0.90,0.0,0.0,0.0,0.0
0.1,40,linear@0.10,0.0,0.0,0.0,0.0
0.1,40,linear@0.50,0.0,0.0,0.0,0.0
0.1,40,linear@0.90,0.369875,0.10441629248894607,0.15,0.55
0.1,40,min,0.0,0.0,0.0,0.0
0.1,50,geometric@0.10,0.0,0.0,0.0,0.0
0.1,50,geometric@0.50,0.0,0.0,0.0,0.0
0.1,50,geometric@0.90,0.0,0.0,0.0,0.0
0.1,50,linear@0.10,0.0,0.0,0.0,0.0
0.1,50,linear@0.50,0.0,0.0,0.0,0.0
0.1,50,linear@0.90,0.42560000000000003,0.07222365440945408,0.28,0.56
0.1,50,min,0.0,0.0,0.0,0.0
0.1,60,geometric@0.10,0.0,0.0,0.0,0.0
0.1,60,geometric@0.50,0.0,0.0,0.0,0.0
0.1,60,geometric@0.90,0.0,0.0,0.0,0.0
0.1,60,linear@0.10,0.0,0.0,0.0,0.0
0.1,60,linear@0.50,0.0,0.0,0.0,0.0
0.1,60,linear@0.90,0.4325333333333333,0.0620563354263231,0.3,0.55
0.1,60,min,0.0,0.0,0.0,0.0
0.1,70,geometric@0.10,0.0,0.0,0.0,0.0
0.1,70,geometric@0.50,0.0,0.0,0.0,0.0
0.1,70,geometric@0.90,0.0,0.0,0.0,0.0
0.1,70,linear@0.10,0.0,0.0,0.0,0.0
0.1,70,linear@0.50,0.0,0.0,0.0,0.0
0.1,70,linear@0.90,0.4358285714285714,0.0572926964395132,0.3285714285714285,0.5428571428571428
0.1,70,min,0.0,0.0,0.0,0.0
0.1,80,geometric@0.10,0.0,0.0,0.0,0.0
0.1,80,geometric@0.50,0.0,0.0,0.0,0.0
0.1,80,geometric@0.90,0.0,0.0,0.0,0.0
0.1,80,linear@0.10,0.0,0.0,0.0,0.0
0.1,80,linear@0.50,0.0,0.0,0.0,0.0
0.1,80,linear@0.90,0.43921249999999995,0.052093063655644506,0.3375,0.5375
0.1,80,min,0.0,0.0,0.0,0.0
0.1,90,geometric@0.10,0.0,0.0,0.0,0.0
0.1,90,geometric@0.50,0.0,0.0,0.0,0.0
0.1,90,geometric@0.90,0.0,0.0,0.0,0.0
0.1,90,linear@0.10,0.0,0.0,0.0,0.0
0.1,90,linear@0.50,0.0,0.0,0.0,0.0
0.1,90,linear@0.90,0.4417777777777778,0.04915831564228895,0.3444444444444444,0.5333333333333333
0.1,90,min,0.0,0.0,0.0,0.0
0.1,100,geometric@0.10,0.0,0.0,0.0,0.0
0.1,100,geometric@0.50,0.0,0.0,0.0,0.0
0.1,100,geometric@0.90,0.0,0.0,0.0,0.0
0.1,100,linear@0.10,0.0,0.0,0.0,0.0
0.1,100,linear@0.50,0.0,0.0,0.0,0.0
0.1,100,linear@0.90,0.44304000000000004,0.04603561314545161,0.35,0.53
0.1,100,min,0.0,0.0,0.0,0.0
0.2,10,geometric@0.10,0.0,0.0,0.0,0.0
0.2,10,geometric@0.50,0.0,0.0,0.0,0.0
0.2,10,geometric@0.90,0.0,0.0,0.0,0.0
0.2,10,linear@0.10,0.0,0.0,0.0,0.0
0.2,10,linear@0.50,0.0,0.0,0.0,0.0
0.2,10,linear@0.90,0.0,0.0,0.0,0.0
0.2,10,min,0.0,0.0,0.0,0.0
0.2,20,geometric@0.10,0.0,0.0,0.0,0.0
0.2,20,geometric@0.50,0.0,0.0,0.0,0.0
0.2,20,geometric@0.90,0.0,0.0,0.0,0.0
0.2,20,linear@0.10,0.0,0.0,0.0,0.0
0.2,20,linear@0.50,0.0,0.0,0.0,0.0
0.2,20,linear@0.90,0.0,0.0,0.0,0.0
0.2,20,min,0.0,0.0,0.0,0.0
0.2,30,geometric@0.10,0.0,0.0,0.0,0.0
0.2,30,geometric@0.50,0.0,0.0,0.0,0.0
0.2,30,geometric@0.90,0.0,0.0,0.0,0.0
0.2,30,linear@0.10,0.0,0.0,0.0,0.0
0.2,30,linear@0.50,0.0,0.0,0.0,0.0
0.2,30,linear@0.90,0.0,0.0,0.0,0.0
0.2,30,min,0.0,0.0,0.0,0.0
0.2,40,geometric@0.10,0.0,0.0,0.0,0.0
0.2,40,geometric@0.50,0.0,0.0,0.0,0.0
0.2,40,geometric@0.90,0.0,0.0,0.0,0.0
0.2,40,linear@0.10,0.0,0.0,0.0,0.0
0.2,40,linear@0.50,0.0,0.0,0.0,0.0
0.2,40,linear@0.90,0.00030000000000000003,0.004602301726438759,0.0,0.0
0.2,40,min,0.0,0.0,0.0,0.0
0.2,50,geometric@0.10,0.0,0.0,0.0,0.0
0.2,50,geometric@0.50,0.0,0.0,0.0,0.0
0.2,50,geometric@0.90,0.0,0.0,0.0,0.0
0.2,50,linear@0.10,0.0,0.0,0.0,0.0
0.2,50,linear@0.50,0.0,0.0,0.0,0.0
0.2,50,linear@0.90,0.014280000000000001,0.03992086265695264,0.0,0.14049999999999957
0.2,50,min,0.0,0.0,0.0,0.0
0.2,60,geometric@0.10,0.0,0.0,0.0,0.0
0.2,60,geometric@0.50,0.0,0.0,0.0,0.0
0.2,60,geometric@0.90,0.0,0.0,0.0,0.0
0.2,60,linear@0.10,0.0,0.0,0.0,0.0
0.2,60,linear@0.50,0.0,0.0,0.0,0.0
0.2,60,linear@0.90,0.08206666666666664,0.08872642811311846,0.0,0.2837499999999996
0.2,60,min,0.0,0.0,0.0,0.0
0.2,70,geometric@0.10,0.0,0.0,0.0,0.0
0.2,70,geometric@0.50,0.0,0.0,0.0,0.0
0.2,70,geometric@0.90,0.0,0.0,0.0,0.0
0.2,70,linear@0.10,0.0,0.0,0.0,0.0
0.2,70,linear@0.50,0.0,0.0,0.0,0.0
0.2,70,linear@0.90,0.19161428571428568,0.10251921764188542,0.0,0.38607142857142823
0.2,70,min,0.0,0.0,0.0,0.0
0.2,80,geometric@0.10,0.0,0.0,0.0,0.0
0.2,80,geometric@0.50,0.0,0.0,0.0,0.0
0.2,80,geometric@0.90,0.0,0.0,0.0,0.0
0.2,80,linear@0.10,0.0,0.0,0.0,0.0
0.2,80,linear@0.50,0.0,0.0,0.0,0.0
0.2,80,linear@0.90,0.28975,0.09322622285938989,0.0875,0.4625
0.2,80,min,0.0,0.0,0.0,0.0
0.2,90,geometric@0.10,0.0,0.0,0.0,0.0
0.2,90,geometric@0.50,0.0,0.0,0.0,0.0
0.2,90,geometric@0.90,0.0,0.0,0.0,0.0
0.2,90,linear@0.10,0.0,0.0,0.0,0.0
0.2,90,linear@0.50,0.0,0.0,0.0,0.0
0.2,90,linear@0.90,0.36067777777777776,0.07473055692030604,0.1888888888888888,0.4888888888888889
0.2,90,min,0.0,0.0,0.0,0.0
0.2,100,geometric@0.10,0.0,0.0,0.0,0.0
0.2,100,geometric@0.50,0.0,0.0,0.0,0.0
0.2,100,geometric@0.90,0.0,0.0,0.0,0.0
0.2,100,linear@0.10,0.0,0.0,0.0,0.0
0.2,100,linear@0.50,0.0,0.0,0.0,0.0
0.2,100,linear@0.90,0.39658000000000004,0.054913742534261116,0.27,0.49
0.2,100,min,0.0,0.0,0.0,0.0
