lambda,operator,policy_violation_rate_mean,policy_violation_rate_std,policy_violation_rate_ci_low,policy_violation_rate_ci_high,veto_preservation_rate_mean,veto_preservation_rate_std,veto_preservation_rate_ci_low,veto_preservation_rate_ci_high,predictive_utility_mean,predictive_utility_std,predictive_utility_ci_low,predictive_utility_ci_high
0.5,linear,0.0,0.0,0.0,0.0,1.0,0.0,1.0,1.0,0.7584454237932592,0.013322335252258852,0.7341740348055262,0.785468662328159
0.5,geometric,0.0,0.0,0.0,0.0,1.0,0.0,1.0,1.0,0.7576187547853785,0.01253323727042121,0.7338721417814541,0.7814609099690546
0.5,min,0.0,0.0,0.0,0.0,1.0,0.0,1.0,1.0,0.7443433747467484,0.011533386557922742,0.7214921839953684,0.7660139027139257
0.75,linear,0.07748000000000002,0.03595194211919771,0.02,0.15,0.92252,0.035951942119197694,0.85,0.98,0.8502395437426117,0.007968103239384421,0.8353422132994193,0.866130931328862
0.75,geometric,0.0,0.0,0.0,0.0,1.0,0.0,1.0,1.0,0.8175793524340013,0.010034493713855324,0.798411641664163,0.8366176664561961
0.75,min,0.0,0.0,0.0,0.0,1.0,0.0,1.0,1.0,0.7443433747467484,0.011533386557922742,0.7214921839953684,0.7660139027139257
0.9,linear,0.46188,0.04728743703883413,0.37,0.55,0.53812,0.047287437038834146,0.4499999999999999,0.63,0.9127894076398806,0.005452317596798979,0.9015882637575885,0.9234924341529027
0.9,geometric,0.0,0.0,0.0,0.0,1.0,0.0,1.0,1.0,0.8466790864767397,0.008894141260208597,0.8295108344497604,0.8634981672956441
0.9,min,0.0,0.0,0.0,0.0,1.0,0.0,1.0,1.0,0.7443433747467484,0.011533386557922742,0.7214921839953684,0.7660139027139257
