lambda,operator,policy_violation_rate_mean,policy_violation_rate_std,policy_violation_rate_ci_low,policy_violation_rate_ci_high,veto_preservation_rate_mean,veto_preservation_rate_std,veto_preservation_rate_ci_low,veto_preservation_rate_ci_high,predictive_utility_mean,predictive_utility_std,predictive_utility_ci_low,predictive_utility_ci_high,n_veto_topk_mean,n_veto_topk_std,n_veto_topk_ci_low,n_veto_topk_ci_high,n_weak_nv_topk_mean,n_weak_nv_topk_std,n_weak_nv_topk_ci_low,n_weak_nv_topk_ci_high,n_normal_topk_mean,n_normal_topk_std,n_normal_topk_ci_low,n_normal_topk_ci_high,frac_veto_topk_mean,frac_veto_topk_std,frac_veto_topk_ci_low,frac_veto_topk_ci_high,frac_weak_nv_topk_mean,frac_weak_nv_topk_std,frac_weak_nv_topk_ci_low,frac_weak_nv_topk_ci_high,frac_normal_topk_mean,frac_normal_topk_std,frac_normal_topk_ci_low,frac_normal_topk_ci_high,e_weak_context_mean,e_weak_context_std,e_weak_context_ci_low,e_weak_context_ci_high,observed_veto_rate_mean,observed_veto_rate_std,observed_veto_rate_ci_low,observed_veto_rate_ci_high,false_negative_veto_rate_mean,false_negative_veto_rate_std,false_negative_veto_rate_ci_low,false_negative_veto_rate_ci_high,kendall_tau_mean,kendall_tau_std,kendall_tau_ci_low,kendall_tau_ci_high,jaccard_top_k_mean,jaccard_top_k_std,jaccard_top_k_ci_low,jaccard_top_k_ci_high
0.0,geometric,0.0,0.0,0.0,0.0,1.0,0.0,1.0,1.0,0.4993410575699376,0.02261487925146917,0.4552133500391438,0.5415050752889479,0.0,0.0,0.0,0.0,0.0,0.0,0.0,0.0,100.0,0.0,100.0,100.0,0.0,0.0,0.0,0.0,0.0,0.0,0.0,0.0,1.0,0.0,1.0,1.0,0.0,0.0,0.0,0.0,0.0,0.0,0.0,0.0,0.0,0.0,0.0,0.0,1.0,0.0,1.0,1.0,1.0,0.0,1.0,1.0
0.0,linear,0.0,0.0,0.0,0.0,1.0,0.0,1.0,1.0,0.4993410575699376,0.02261487925146917,0.4552133500391438,0.5415050752889479,0.0,0.0,0.0,0.0,0.0,0.0,0.0,0.0,100.0,0.0,100.0,100.0,0.0,0.0,0.0,0.0,0.0,0.0,0.0,0.0,1.0,0.0,1.0,1.0,0.0,0.0,0.0,0.0,0.0,0.0,0.0,0.0,0.0,0.0,0.0,0.0,1.0,0.0,1.0,1.0,1.0,0.0,1.0,1.0
0.0,min,0.0,0.0,0.0,0.0,1.0,0.0,1.0,1.0,0.7443433747467484,0.011533386557922742,0.7214921839953684,0.7660139027139257,0.0,0.0,0.0,0.0,0.0,0.0,0.0,0.0,100.0,0.0,100.0,100.0,0.0,0.0,0.0,0.0,0.0,0.0,0.0,0.0,1.0,0.0,1.0,1.0,0.0,0.0,0.0,0.0,0.0,0.0,0.0,0.0,0.0,0.0,0.0,0.0,1.0,0.0,1.0,1.0,1.0,0.0,1.0,1.0
0.1,geometric,0.0,0.0,0.0,0.0,1.0,0.0,1.0,1.0,0.5797733637581468,0.019912644677051564,0.5416351385241394,0.6176649380866766,0.0,0.0,0.0,0.0,0.0,0.0,0.0,0.0,100.0,0.0,100.0,100.0,0.0,0.0,0.0,0.0,0.0,0.0,0.0,0.0,1.0,0.0,1.0,1.0,0.0,0.0,0.0,0.0,0.0,0.0,0.0,0.0,0.0,0.0,0.0,0.0,0.944684395329441,0.002708275371448805,0.9389726855713093,0.949546080066722,0.7382732422495001,0.04040465702283933,0.6528925619834711,0.8181818181818182
0.1,linear,0.0,0.0,0.0,0.0,1.0,0.0,1.0,1.0,0.5450708184914822,0.022194042523254014,0.5013600901770314,0.5872497823848517,0.0,0.0,0.0,0.0,0.0,0.0,0.0,0.0,100.0,0.0,100.0,100.0,0.0,0.0,0.0,0.0,0.0,0.0,0.0,0.0,1.0,0.0,1.0,1.0,0.0,0.0,0.0,0.0,0.0,0.0,0.0,0.0,0.0,0.0,0.0,0.0,0.9317056192621658,0.0018217847540269194,0.9279658701316105,0.9350806071079769,0.8407266270434723,0.034037259664863415,0.7699115044247787,0.9047619047619048
0.1,min,0.0,0.0,0.0,0.0,1.0,0.0,1.0,1.0,0.7443433747467484,0.011533386557922742,0.7214921839953684,0.7660139027139257,0.0,0.0,0.0,0.0,0.0,0.0,0.0,0.0,100.0,0.0,100.0,100.0,0.0,0.0,0.0,0.0,0.0,0.0,0.0,0.0,1.0,0.0,1.0,1.0,0.0,0.0,0.0,0.0,0.0,0.0,0.0,0.0,0.0,0.0,0.0,0.0,1.0,0.0,1.0,1.0,1.0,0.0,1.0,1.0
0.2,geometric,0.0,0.0,0.0,0.0,1.0,0.0,1.0,1.0,0.6442943897512325,0.017562300588000134,0.6104631008310669,0.678637858833916,0.0,0.0,0.0,0.0,0.0,0.0,0.0,0.0,100.0,0.0,100.0,100.0,0.0,0.0,0.0,0.0,0.0,0.0,0.0,0.0,1.0,0.0,1.0,1.0,0.0,0.0,0.0,0.0,0.0,0.0,0.0,0.0,0.0,0.0,0.0,0.0,0.8815861342785654,0.0055295393487805366,0.8702041284403668,0.8917944120100083,0.5599546130269913,0.04245223143220761,0.4814814814814814,0.639344262295082
0.2,linear,0.0,0.0,0.0,0.0,1.0,0.0,1.0,1.0,0.5991460142457615,0.021146605149044973,0.556966108318964,0.6369180011329232,0.0,0.0,0.0,0.0,0.0,0.0,0.0,0.0,100.0,0.0,100.0,100.0,0.0,0.0,0.0,0.0,0.0,0.0,0.0,0.0,1.0,0.0,1.0,1.0,0.0,0.0,0.0,0.0,0.0,0.0,0.0,0.0,0.0,0.0,0.0,0.0,0.8637972476555583,0.0036779113132843853,0.8566977523119756,0.8710505282135713,0.6821978642381153,0.04074783887267942,0.6,0.7543859649122807
0.2,min,0.0,0.0,0.0,0.0,1.0,0.0,1.0,1.0,0.7443433747467484,0.011533386557922742,0.7214921839953684,0.7660139027139257,0.0,0.0,0.0,0.0,0.0,0.0,0.0,0.0,100.0,0.0,100.0,100.0,0.0,0.0,0.0,0.0,0.0,0.0,0.0,0.0,1.0,0.0,1.0,1.0,0.0,0.0,0.0,0.0,0.0,0.0,0.0,0.0,0.0,0.0,0.0,0.0,1.0,0.0,1.0,1.0,1.0,0.0,1.0,1.0
0.3,geometric,0.0,0.0,0.0,0.0,1.0,0.0,1.0,1.0,0.6910392302081381,0.015999501202047493,0.659726392784237,0.7202356602471286,0.0,0.0,0.0,0.0,0.0,0.0,0.0,0.0,100.0,0.0,100.0,100.0,0.0,0.0,0.0,0.0,0.0,0.0,0.0,0.0,1.0,0.0,1.0,1.0,0.0,0.0,0.0,0.0,0.0,0.0,0.0,0.0,0.0,0.0,0.0,0.0,0.8128342201834861,0.008194041198539897,0.7963831317764802,0.8277265429524602,0.4405815555647439,0.03947596733156233,0.3605442176870748,0.5151515151515151
0.3,linear,0.0,0.0,0.0,0.0,1.0,0.0,1.0,1.0,0.6600623014683813,0.019255658051618992,0.6246770801219331,0.6970290936195729,0.0,0.0,0.0,0.0,0.0,0.0,0.0,0.0,100.0,0.0,100.0,100.0,0.0,0.0,0.0,0.0,0.0,0.0,0.0,0.0,1.0,0.0,1.0,1.0,0.0,0.0,0.0,0.0,0.0,0.0,0.0,0.0,0.0,0.0,0.0,0.0,0.7690801107127843,0.005936534180586297,0.7576667756337256,0.7809281428795622,0.5289304265778247,0.04021112433859371,0.4492753623188406,0.6129032258064516
0.3,min,0.0,0.0,0.0,0.0,1.0,0.0,1.0,1.0,0.7443433747467484,0.011533386557922742,0.7214921839953684,0.7660139027139257,0.0,0.0,0.0,0.0,0.0,0.0,0.0,0.0,100.0,0.0,100.0,100.0,0.0,0.0,0.0,0.0,0.0,0.0,0.0,0.0,1.0,0.0,1.0,1.0,0.0,0.0,0.0,0.0,0.0,0.0,0.0,0.0,0.0,0.0,0.0,0.0,1.0,0.0,1.0,1.0,1.0,0.0,1.0,1.0
0.4,geometric,0.0,0.0,0.0,0.0,1.0,0.0,1.0,1.0,0.7275207082997729,0.013833028665257551,0.701187632478961,0.7556095047363692,0.0,0.0,0.0,0.0,0.0,0.0,0.0,0.0,100.0,0.0,100.0,100.0,0.0,0.0,0.0,0.0,0.0,0.0,0.0,0.0,1.0,0.0,1.0,1.0,0.0,0.0,0.0,0.0,0.0,0.0,0.0,0.0,0.0,0.0,0.0,0.0,0.7404266472060048,0.010509522650529776,0.7193699958298582,0.75882964970809,0.35314798359277594,0.038181865336012706,0.282051282051282,0.4285714285714285
0.4,linear,0.0,0.0,0.0,0.0,1.0,0.0,1.0,1.0,0.7147775529756542,0.01573887638704976,0.6857841187639349,0.7455231933572146,0.0,0.0,0.0,0.0,0.0,0.0,0.0,0.0,100.0,0.0,100.0,100.0,0.0,0.0,0.0,0.0,0.0,0.0,0.0,0.0,1.0,0.0,1.0,1.0,0.0,0.0,0.0,0.0,0.0,0.0,0.0,0.0,0.0,0.0,0.0,0.0,0.6385312517227505,0.00895595251558446,0.6213189289407609,0.6564369993305251,0.4021701481544787,0.038442931358670954,0.3333333333333333,0.4814814814814814
0.4,min,0.0,0.0,0.0,0.0,1.0,0.0,1.0,1.0,0.7443433747467484,0.011533386557922742,0.7214921839953684,0.7660139027139257,0.0,0.0,0.0,0.0,0.0,0.0,0.0,0.0,100.0,0.0,100.0,100.0,0.0,0.0,0.0,0.0,0.0,0.0,0.0,0.0,1.0,0.0,1.0,1.0,0.0,0.0,0.0,0.0,0.0,0.0,0.0,0.0,0.0,0.0,0.0,0.0,1.0,0.0,1.0,1.0,1.0,0.0,1.0,1.0
0.5,geometric,0.0,0.0,0.0,0.0,1.0,0.0,1.0,1.0,0.7576187547853785,0.01253323727042121,0.7338721417814541,0.7814609099690546,0.0,0.0,0.0,0.0,0.0,0.0,0.0,0.0,100.0,0.0,100.0,100.0,0.0,0.0,0.0,0.0,0.0,0.0,0.0,0.0,1.0,0.0,1.0,1.0,0.0,0.0,0.0,0.0,0.0,0.0,0.0,0.0,0.0,0.0,0.0,0.0,0.6662923269391158,0.012377318331799838,0.6417152835696412,0.6883917848206837,0.2856245509661055,0.03463461189358531,0.2195121951219512,0.3515811730097442
0.5,linear,0.0,0.0,0.0,0.0,1.0,0.0,1.0,1.0,0.7584454237932592,0.013322335252258852,0.7341740348055262,0.785468662328159,0.0,0.0,0.0,0.0,0.0,0.0,0.0,0.0,100.0,0.0,100.0,100.0,0.0,0.0,0.0,0.0,0.0,0.0,0.0,0.0,1.0,0.0,1.0,1.0,0.0,0.0,0.0,0.0,0.0,0.0,0.0,0.0,0.0,0.0,0.0,0.0,0.4655374161175129,0.013335113905032482,0.4401109320293097,0.49107784877724814,0.3051367940447815,0.0349227662125508,0.2422360248447205,0.3793103448275862
0.5,min,0.0,0.0,0.0,0.0,1.0,0.0,1.0,1.0,0.7443433747467484,0.011533386557922742,0.7214921839953684,0.7660139027139257,0.0,0.0,0.0,0.0,0.0,0.0,0.0,0.0,100.0,0.0,100.0,100.0,0.0,0.0,0.0,0.0,0.0,0.0,0.0,0.0,1.0,0.0,1.0,1.0,0.0,0.0,0.0,0.0,0.0,0.0,0.0,0.0,0.0,0.0,0.0,0.0,1.0,0.0,1.0,1.0,1.0,0.0,1.0,1.0
0.6,geometric,0.0,0.0,0.0,0.0,1.0,0.0,1.0,1.0,0.783361527586362,0.011356216144536439,0.7611134625045411,0.8053920846155302,0.0,0.0,0.0,0.0,0.0,0.0,0.0,0.0,100.0,0.0,100.0,100.0,0.0,0.0,0.0,0.0,0.0,0.0,0.0,0.0,1.0,0.0,1.0,1.0,0.0,0.0,0.0,0.0,0.0,0.0,0.0,0.0,0.0,0.0,0.0,0.0,0.59220771059216,0.013801582398645634,0.5645820475396162,0.6181792118432026,0.23031340889758428,0.031267012483803806,0.1695906432748538,0.2903225806451613
0.6,linear,0.0,0.0,0.0,0.0,1.0,0.0,1.0,1.0,0.7940241288845541,0.011388661013089907,0.7718281641461973,0.8157645093252257,0.0,0.0,0.0,0.0,0.013,0.11333068359382573,0.0,0.0,99.987,0.11333068359382573,100.0,100.0,0.0,0.0,0.0,0.0,0.00013000000000000002,0.0011333068359382576,0.0,0.0,0.9998700000000001,0.0011333068359382584,1.0,1.0,0.00013000000000000002,0.0011333068359382576,0.0,0.0,0.0,0.0,0.0,0.0,0.0,0.0,0.0,0.0,0.26649452271647533,0.017438991738130922,0.231993791575435,0.2999566612132597,0.23012141830796945,0.03105150604660975,0.1695906432748538,0.2903225806451613
0.6,min,0.0,0.0,0.0,0.0,1.0,0.0,1.0,1.0,0.7443433747467484,0.011533386557922742,0.7214921839953684,0.7660139027139257,0.0,0.0,0.0,0.0,0.0,0.0,0.0,0.0,100.0,0.0,100.0,100.0,0.0,0.0,0.0,0.0,0.0,0.0,0.0,0.0,1.0,0.0,1.0,1.0,0.0,0.0,0.0,0.0,0.0,0.0,0.0,0.0,0.0,0.0,0.0,0.0,1.0,0.0,1.0,1.0,1.0,0.0,1.0,1.0
0.7,geometric,0.0,0.0,0.0,0.0,1.0,0.0,1.0,1.0,0.8067056146037958,0.010353946119637362,0.7859185144721424,0.8274118425811605,0.0,0.0,0.0,0.0,0.0,0.0,0.0,0.0,100.0,0.0,100.0,100.0,0.0,0.0,0.0,0.0,0.0,0.0,0.0,0.0,1.0,0.0,1.0,1.0,0.0,0.0,0.0,0.0,0.0,0.0,0.0,0.0,0.0,0.0,0.0,0.0,0.5199655671392825,0.014794234496225309,0.49175594245204324,0.5483051501251042,0.1826733763933933,0.028024431216358274,0.1299435028248587,0.2422360248447205
0.7,linear,0.00099,0.004351877622226852,0.0,0.02,0.99901,0.004351877622226856,0.98,1.0,0.8230936526911077,0.009873277778847984,0.8043329498613846,0.84179985943751,0.099,0.4351877622226851,0.0,2.0,1.49,1.2463761284032415,0.0,4.0,98.411,1.3520010750391092,95.0,100.0,0.00099,0.004351877622226852,0.0,0.02,0.014899999999999998,0.012463761284032414,0.0,0.04,0.9841100000000002,0.013520010750391102,0.95,1.0,0.01589,0.013520010750391092,0.0,0.05,0.00099,0.004351877622226852,0.0,0.02,0.0,0.0,0.0,0.0,0.08631893189913652,0.019068057538220107,0.04855634832432008,0.12436487908441916,0.17112457859188276,0.02753850800305654,0.1173184357541899,0.2269938650306748
0.7,min,0.0,0.0,0.0,0.0,1.0,0.0,1.0,1.0,0.7443433747467484,0.011533386557922742,0.7214921839953684,0.7660139027139257,0.0,0.0,0.0,0.0,0.0,0.0,0.0,0.0,100.0,0.0,100.0,100.0,0.0,0.0,0.0,0.0,0.0,0.0,0.0,0.0,1.0,0.0,1.0,1.0,0.0,0.0,0.0,0.0,0.0,0.0,0.0,0.0,0.0,0.0,0.0,0.0,1.0,0.0,1.0,1.0,1.0,0.0,1.0,1.0
0.8,geometric,0.0,0.0,0.0,0.0,1.0,0.0,1.0,1.0,0.828043955361105,0.009572102250997621,0.8099993886882034,0.8462831417092261,0.0,0.0,0.0,0.0,0.444,0.6981055445642524,0.0,2.0,99.556,0.6981055445642523,98.0,100.0,0.0,0.0,0.0,0.0,0.0044399999999999995,0.006981055445642524,0.0,0.02,0.9955600000000002,0.006981055445642531,0.98,1.0,0.0044399999999999995,0.006981055445642524,0.0,0.02,0.0,0.0,0.0,0.0,0.0,0.0,0.0,0.0,0.4514028065054211,0.015445067076002846,0.4217968098415345,0.4805863219349457,0.1404562230478877,0.024673324000790347,0.0989010989010989,0.1904761904761904
0.8,linear,0.21383000000000002,0.0441336479217261,0.13,0.3,0.78617,0.04413364792172611,0.7,0.87,0.8804373330396674,0.00711016758025291,0.8666505614889914,0.8933250085399845,21.383,4.413364792172611,13.0,30.0,3.741,1.9213564506906602,1.0,8.0,74.876,4.641353915202564,65.975,83.0,0.21383000000000002,0.0441336479217261,0.13,0.3,0.03741000000000001,0.0192135645069066,0.01,0.08,0.74876,0.046413539152025646,0.6597500000000001,0.83,0.25124,0.04641353915202564,0.17,0.3402499999999998,0.21383000000000002,0.0441336479217261,0.13,0.3,0.0,0.0,0.0,0.0,-0.0563486964216795,0.018978805634687557,-0.09228205931984244,-0.018816061276698486,0.1031946912442483,0.022258414363789284,0.0638297872340425,0.14959138927645985
0.8,min,0.0,0.0,0.0,0.0,1.0,0.0,1.0,1.0,0.7443433747467484,0.011533386557922742,0.7214921839953684,0.7660139027139257,0.0,0.0,0.0,0.0,0.0,0.0,0.0,0.0,100.0,0.0,100.0,100.0,0.0,0.0,0.0,0.0,0.0,0.0,0.0,0.0,1.0,0.0,1.0,1.0,0.0,0.0,0.0,0.0,0.0,0.0,0.0,0.0,0.0,0.0,0.0,0.0,1.0,0.0,1.0,1.0,1.0,0.0,1.0,1.0
0.9,geometric,0.0,0.0,0.0,0.0,1.0,0.0,1.0,1.0,0.8466790864767397,0.008894141260208597,0.8295108344497604,0.8634981672956441,0.0,0.0,0.0,0.0,5.386,2.370785655563283,1.0,10.0,94.614,2.370785655563283,90.0,99.0,0.0,0.0,0.0,0.0,0.053860000000000005,0.023707856555632824,0.01,0.1,0.9461399999999999,0.02370785655563281,0.9,0.99,0.053860000000000005,0.023707856555632824,0.01,0.1,0.0,0.0,0.0,0.0,0.0,0.0,0.0,0.0,0.3884359132610508,0.015868696018345653,0.3588388240200166,0.41837374895746443,0.10094697991002682,0.02156697469943069,0.0638297872340425,0.1494252873563218
0.9,linear,0.46188,0.04728743703883413,0.37,0.55,0.53812,0.047287437038834146,0.4499999999999999,0.63,0.9127894076398806,0.005452317596798979,0.9015882637575885,0.9234924341529027,46.188,4.728743703883413,37.0,55.0,4.841,2.196940041408856,1.0,10.0,48.971,4.814076685547742,40.0,58.0,0.46188,0.04728743703883413,0.37,0.55,0.04841000000000001,0.02196940041408856,0.01,0.1,0.48971000000000003,0.04814076685547742,0.4,0.58,0.51029,0.048140766855477427,0.42,0.6,0.46188,0.04728743703883413,0.37,0.55,0.0,0.0,0.0,0.0,-0.16418754299470886,0.01826833468363657,-0.19864618189464775,-0.1273499712531927,0.052994761927175935,0.016361786222195987,0.0256410256410256,0.0869565217391304
0.9,min,0.0,0.0,0.0,0.0,1.0,0.0,1.0,1.0,0.7443433747467484,0.011533386557922742,0.7214921839953684,0.7660139027139257,0.0,0.0,0.0,0.0,0.0,0.0,0.0,0.0,100.0,0.0,100.0,100.0,0.0,0.0,0.0,0.0,0.0,0.0,0.0,0.0,1.0,0.0,1.0,1.0,0.0,0.0,0.0,0.0,0.0,0.0,0.0,0.0,0.0,0.0,0.0,0.0,1.0,0.0,1.0,1.0,1.0,0.0,1.0,1.0
1.0,geometric,0.0,0.0,0.0,0.0,1.0,0.0,1.0,1.0,0.8554630098888729,0.008687758409208095,0.8384942801219557,0.8727291452759357,0.0,0.0,0.0,0.0,15.568,3.6535906619002527,9.0,23.0,84.432,3.653590661900252,77.0,91.0,0.0,0.0,0.0,0.0,0.15568,0.03653590661900252,0.09,0.23,0.84432,0.03653590661900252,0.77,0.91,0.15568,0.03653590661900252,0.09,0.23,0.0,0.0,0.0,0.0,0.0,0.0,0.0,0.0,0.3332521351125938,0.01612888652818723,0.3022091326105087,0.36374311926605496,0.06678193779736438,0.01838263771227921,0.0362694300518134,0.1049723756906077
1.0,linear,0.6438899999999999,0.04457976284431373,0.55,0.73,0.35611000000000004,0.04457976284431374,0.27,0.4499999999999999,0.9200090562230662,0.005122269299436155,0.9096728296948693,0.930222442706493,64.389,4.457976284431373,55.0,73.0,5.517,2.2823058340020776,2.0,10.0,30.094,4.288304274833299,22.0,39.0,0.6438899999999999,0.04457976284431373,0.55,0.73,0.055170000000000004,0.02282305834002078,0.02,0.1,0.30094,0.042883042748332996,0.22,0.39,0.6990599999999999,0.042883042748332996,0.61,0.78,0.6438899999999999,0.04457976284431373,0.55,0.73,0.0,0.0,0.0,0.0,-0.24432380258139197,0.017381096070532228,-0.2764462383325212,-0.20903429446952257,0.022509608865141258,0.010321633802287832,0.0050251256281407,0.0471204188481675
1.0,min,0.0,0.0,0.0,0.0,1.0,0.0,1.0,1.0,0.7443433747467484,0.011533386557922742,0.7214921839953684,0.7660139027139257,0.0,0.0,0.0,0.0,0.0,0.0,0.0,0.0,100.0,0.0,100.0,100.0,0.0,0.0,0.0,0.0,0.0,0.0,0.0,0.0,1.0,0.0,1.0,1.0,0.0,0.0,0.0,0.0,0.0,0.0,0.0,0.0,0.0,0.0,0.0,0.0,1.0,0.0,1.0,1.0,1.0,0.0,1.0,1.0
