lambda,delta,v_mean,v_std,v_ci_low,v_ci_high,w_weak_mean,w_weak_std,w_weak_ci_low,w_weak_ci_high,e_weak_context_mean,e_weak_context_std,e_weak_context_ci_low,e_weak_context_ci_high,s_veto_given_weak_mean,s_veto_given_weak_std,s_veto_given_weak_ci_low,s_veto_given_weak_ci_high,n_veto_topk_mean,n_veto_topk_std,n_veto_topk_ci_low,n_veto_topk_ci_high,n_weak_nv_topk_mean,n_weak_nv_topk_std,n_weak_nv_topk_ci_low,n_weak_nv_topk_ci_high,n_normal_topk_mean,n_normal_topk_std,n_normal_topk_ci_low,n_normal_topk_ci_high,p_threshold_mean,p_threshold_std,p_threshold_ci_low,p_threshold_ci_high,mean_R_topk_mean,mean_R_topk_std,mean_R_topk_ci_low,mean_R_topk_ci_high,frac_Rprime1_topk_mean,frac_Rprime1_topk_std,frac_Rprime1_topk_ci_low,frac_Rprime1_topk_ci_high,contrib_veto_R_mean,contrib_veto_R_std,contrib_veto_R_ci_low,contrib_veto_R_ci_high,contrib_weak_nv_R_mean,contrib_weak_nv_R_std,contrib_weak_nv_R_ci_low,contrib_weak_nv_R_ci_high,contrib_normal_R_mean,contrib_normal_R_std,contrib_normal_R_ci_low,contrib_normal_R_ci_high,veto_inclusion_mean,veto_inclusion_std,veto_inclusion_ci_low,veto_inclusion_ci_high,veto_frac_sat_mean,veto_frac_sat_std,veto_frac_sat_ci_low,veto_frac_sat_ci_high,veto_mean_P_all_mean,veto_mean_P_all_std,veto_mean_P_all_ci_low,veto_mean_P_all_ci_high,veto_mean_R_orig_all_mean,veto_mean_R_orig_all_std,veto_mean_R_orig_all_ci_low,veto_mean_R_orig_all_ci_high,veto_mean_P_sel_mean,veto_mean_P_sel_std,veto_mean_P_sel_ci_low,veto_mean_P_sel_ci_high,veto_mean_P_nsel_mean,veto_mean_P_nsel_std,veto_mean_P_nsel_ci_low,veto_mean_P_nsel_ci_high,veto_mean_R_orig_sel_mean,veto_mean_R_orig_sel_std,veto_mean_R_orig_sel_ci_low,veto_mean_R_orig_sel_ci_high,veto_mean_R_orig_nsel_mean,veto_mean_R_orig_nsel_std,veto_mean_R_orig_nsel_ci_low,veto_mean_R_orig_nsel_ci_high,veto_count_topk_mean,veto_count_topk_std,veto_count_topk_ci_low,veto_count_topk_ci_high,veto_P_q25_mean,veto_P_q25_std,veto_P_q25_ci_low,veto_P_q25_ci_high,veto_P_q50_mean,veto_P_q50_std,veto_P_q50_ci_low,veto_P_q50_ci_high,veto_P_q75_mean,veto_P_q75_std,veto_P_q75_ci_low,veto_P_q75_ci_high,veto_P_q90_mean,veto_P_q90_std,veto_P_q90_ci_low,veto_P_q90_ci_high,veto_P_q95_mean,veto_P_q95_std,veto_P_q95_ci_low,veto_P_q95_ci_high,weak_nv_inclusion_mean,weak_nv_inclusion_std,weak_nv_inclusion_ci_low,weak_nv_inclusion_ci_high,weak_nv_frac_sat_mean,weak_nv_frac_sat_std,weak_nv_frac_sat_ci_low,weak_nv_frac_sat_ci_high,weak_nv_mean_P_all_mean,weak_nv_mean_P_all_std,weak_nv_mean_P_all_ci_low,weak_nv_mean_P_all_ci_high,weak_nv_mean_R_orig_all_mean,weak_nv_mean_R_orig_all_std,weak_nv_mean_R_orig_all_ci_low,weak_nv_mean_R_orig_all_ci_high,weak_nv_mean_P_sel_mean,weak_nv_mean_P_sel_std,weak_nv_mean_P_sel_ci_low,weak_nv_mean_P_sel_ci_high,weak_nv_mean_P_nsel_mean,weak_nv_mean_P_nsel_std,weak_nv_mean_P_nsel_ci_low,weak_nv_mean_P_nsel_ci_high,weak_nv_mean_R_orig_sel_mean,weak_nv_mean_R_orig_sel_std,weak_nv_mean_R_orig_sel_ci_low,weak_nv_mean_R_orig_sel_ci_high,weak_nv_mean_R_orig_nsel_mean,weak_nv_mean_R_orig_nsel_std,weak_nv_mean_R_orig_nsel_ci_low,weak_nv_mean_R_orig_nsel_ci_high,weak_nv_count_topk_mean,weak_nv_count_topk_std,weak_nv_count_topk_ci_low,weak_nv_count_topk_ci_high,weak_nv_P_q25_mean,weak_nv_P_q25_std,weak_nv_P_q25_ci_low,weak_nv_P_q25_ci_high,weak_nv_P_q50_mean,weak_nv_P_q50_std,weak_nv_P_q50_ci_low,weak_nv_P_q50_ci_high,weak_nv_P_q75_mean,weak_nv_P_q75_std,weak_nv_P_q75_ci_low,weak_nv_P_q75_ci_high,weak_nv_P_q90_mean,weak_nv_P_q90_std,weak_nv_P_q90_ci_low,weak_nv_P_q90_ci_high,weak_nv_P_q95_mean,weak_nv_P_q95_std,weak_nv_P_q95_ci_low,weak_nv_P_q95_ci_high,normal_inclusion_mean,normal_inclusion_std,normal_inclusion_ci_low,normal_inclusion_ci_high,normal_frac_sat_mean,normal_frac_sat_std,normal_frac_sat_ci_low,normal_frac_sat_ci_high,normal_mean_P_all_mean,normal_mean_P_all_std,normal_mean_P_all_ci_low,normal_mean_P_all_ci_high,normal_mean_R_orig_all_mean,normal_mean_R_orig_all_std,normal_mean_R_orig_all_ci_low,normal_mean_R_orig_all_ci_high,normal_mean_P_sel_mean,normal_mean_P_sel_std,normal_mean_P_sel_ci_low,normal_mean_P_sel_ci_high,normal_mean_P_nsel_mean,normal_mean_P_nsel_std,normal_mean_P_nsel_ci_low,normal_mean_P_nsel_ci_high,normal_mean_R_orig_sel_mean,normal_mean_R_orig_sel_std,normal_mean_R_orig_sel_ci_low,normal_mean_R_orig_sel_ci_high,normal_mean_R_orig_nsel_mean,normal_mean_R_orig_nsel_std,normal_mean_R_orig_nsel_ci_low,normal_mean_R_orig_nsel_ci_high,normal_count_topk_mean,normal_count_topk_std,normal_count_topk_ci_low,normal_count_topk_ci_high,normal_P_q25_mean,normal_P_q25_std,normal_P_q25_ci_low,normal_P_q25_ci_high,normal_P_q50_mean,normal_P_q50_std,normal_P_q50_ci_low,normal_P_q50_ci_high,normal_P_q75_mean,normal_P_q75_std,normal_P_q75_ci_low,normal_P_q75_ci_high,normal_P_q90_mean,normal_P_q90_std,normal_P_q90_ci_low,normal_P_q90_ci_high,normal_P_q95_mean,normal_P_q95_std,normal_P_q95_ci_low,normal_P_q95_ci_high,pairwise_weak_gt_veto_mean,pairwise_weak_gt_veto_std,pairwise_weak_gt_veto_ci_low,pairwise_weak_gt_veto_ci_high,pairwise_sat_weak_gt_veto_mean,pairwise_sat_weak_gt_veto_std,pairwise_sat_weak_gt_veto_ci_low,pairwise_sat_weak_gt_veto_ci_high,n_veto_weak_pairs_mean,n_veto_weak_pairs_std,n_veto_weak_pairs_ci_low,n_veto_weak_pairs_ci_high,n_sat_pairs_mean,n_sat_pairs_std,n_sat_pairs_ci_low,n_sat_pairs_ci_high
0.5,0.0,0.0,0.0,0.0,0.0,0.0,0.0,0.0,0.0,0.0,0.0,0.0,0.0,,,,,0.0,0.0,0.0,0.0,0.0,0.0,0.0,0.0,100.0,0.0,100.0,100.0,0.6887420607515444,0.008747807533098752,0.6712647505576,0.7068309550959456,0.7584454237932592,0.013322335252258852,0.7341740348055262,0.785468662328159,0.0,0.0,0.0,0.0,0.0,0.0,0.0,0.0,0.0,0.0,0.0,0.0,0.7584454237932591,0.013322335252258854,0.7341740348055262,0.785468662328159,0.0,0.0,0.0,0.0,0.0,0.0,0.0,0.0,0.4002405346154342,0.004341117717817521,0.3911956943373345,0.4082979270590649,0.8004810692308684,0.008682235435635042,0.782391388674669,0.8165958541181298,,,,,0.4002405346154342,0.004341117717817521,0.3911956943373345,0.4082979270590649,,,,,0.8004810692308684,0.008682235435635042,0.782391388674669,0.8165958541181298,0.0,0.0,0.0,0.0,0.3645161572920358,0.007364579434298328,0.3501589256122506,0.3781640629164835,0.41044545950688854,0.005444106611372459,0.39863333174666793,0.4203642860687163,0.4463374652968612,0.004438359045814648,0.43731379333288234,0.45495563596887384,0.4691689151992221,0.0038356796125220277,0.46096887599899555,0.4758893047879911,0.47867708733635117,0.0036755827710767577,0.4709874131290344,0.48535828503042916,0.0,0.0,0.0,0.0,0.0,0.0,0.0,0.0,0.33100829560988343,0.010407850734945295,0.31001496507899556,0.3518888508273721,0.49954154535866857,0.020008528184531676,0.46088289181871134,0.5399508951744331,,,,,0.33100829560988343,0.010407850734945295,0.31001496507899556,0.3518888508273721,,,,,0.49954154535866857,0.020008528184531676,0.46088289181871134,0.5399508951744331,0.0,0.0,0.0,0.0,0.24376092040332398,0.014754111704483645,0.21537284310451185,0.2731329254497163,0.3307855555181203,0.014790678539210787,0.30213916246038,0.36036612256180955,0.418483757268752,0.014574080123958203,0.38821806363168454,0.44523337335329644,0.4841942426079053,0.014946658815262099,0.454634628034967,0.5126810306531577,0.5153352517730445,0.015367840688230262,0.4843233308129634,0.5451704181452799,0.14819055727544778,0.002293150318530906,0.14388489208633093,0.15267759180148002,0.0,0.0,0.0,0.0,0.531161343877372,0.005421276660826386,0.5205828530635179,0.5421933096244266,0.49990506065479273,0.00838247864307335,0.48424596005510284,0.516682190690603,0.7579608424238635,0.00829846014300582,0.742566654307259,0.77443961086934,0.491706387646858,0.005666804967309862,0.48059910700338987,0.5035622522607713,0.7584454237932591,0.013322335252258854,0.7341740348055262,0.785468662328159,0.4549264951324295,0.009181455637759756,0.4374161358974265,0.4731273769033182,100.0,0.0,100.0,100.0,0.4275058715711166,0.007666062478301227,0.4114900158771863,0.44248627758356757,0.5300111520471644,0.007161781294129791,0.5155297818973544,0.5430955426974217,0.6324337551075665,0.007721550180450839,0.6171949616709247,0.64822148147133,0.7222994878840172,0.009101570183674251,0.7048695744097869,0.7416381511702523,0.7720988394405172,0.010417952972959584,0.7526361464472207,0.7915893365870852,0.3100280058383867,0.034475488351558656,0.24352817073170732,0.37698907595235287,,,,,25006.4,2085.662731370782,21000.0,29004.999999999996,0.0,0.0,0.0,0.0
0.5,0.05,0.0,0.0,0.0,0.0,0.0,0.0,0.0,0.0,0.0,0.0,0.0,0.0,,,,,0.0,0.0,0.0,0.0,0.0,0.0,0.0,0.0,100.0,0.0,100.0,100.0,0.6887420607515444,0.008747807533098752,0.6712647505576,0.7068309550959456,0.7584454237932592,0.013322335252258852,0.7341740348055262,0.785468662328159,0.0,0.0,0.0,0.0,0.0,0.0,0.0,0.0,0.0,0.0,0.0,0.0,0.7584454237932591,0.013322335252258854,0.7341740348055262,0.785468662328159,0.0,0.0,0.0,0.0,0.07194999999999999,0.018784311282300195,0.03987500000000001,0.11,0.42460633088312455,0.004281361310153025,0.4156825129525121,0.4325051310545068,0.8004810692308684,0.008682235435635042,0.782391388674669,0.8165958541181298,,,,,0.42460633088312455,0.004281361310153025,0.4156825129525121,0.4325051310545068,,,,,0.8004810692308684,0.008682235435635042,0.782391388674669,0.8165958541181298,0.0,0.0,0.0,0.0,0.3895161572920358,0.007364579434298328,0.3751589256122506,0.40316406291648355,0.4354454595068886,0.005444106611372459,0.42363333174666795,0.4453642860687163,0.4713374652968612,0.004438359045814648,0.46231379333288236,0.47995563596887386,0.4940984685692486,0.0037043968770851966,0.4859688759989956,0.5,0.49964635966976406,0.0011121332475812927,0.49598179857423785,0.5,0.0,0.0,0.0,0.0,0.006949062029690656,0.007397402472943757,0.0,0.025,0.3559499480023824,0.010394220182785423,0.33501429324610427,0.37676258468529544,0.49954154535866857,0.020008528184531676,0.46088289181871134,0.5399508951744331,,,,,0.3559499480023824,0.010394220182785423,0.33501429324610427,0.37676258468529544,,,,,0.49954154535866857,0.020008528184531676,0.46088289181871134,0.5399508951744331,0.0,0.0,0.0,0.0,0.26876092040332394,0.014754111704483645,0.24037284310451182,0.29813292544971626,0.35578555551812036,0.014790678539210792,0.32713916246037994,0.3853661225618096,0.443483757268752,0.014574080123958203,0.41321806363168456,0.47023337335329646,0.5091567487949908,0.014910473533158768,0.47963462803496704,0.5376810306531578,0.5400653312723441,0.015202218405695134,0.5093233308129634,0.5688518697408705,0.14819055727544778,0.002293150318530906,0.14388489208633093,0.15267759180148002,0.0,0.0,0.0,0.0,0.531161343877372,0.005421276660826386,0.5205828530635179,0.5421933096244266,0.49990506065479273,0.00838247864307335,0.48424596005510284,0.516682190690603,0.7579608424238635,0.00829846014300582,0.742566654307259,0.77443961086934,0.491706387646858,0.005666804967309862,0.48059910700338987,0.5035622522607713,0.7584454237932591,0.013322335252258854,0.7341740348055262,0.785468662328159,0.4549264951324295,0.009181455637759756,0.4374161358974265,0.4731273769033182,100.0,0.0,100.0,100.0,0.4275058715711166,0.007666062478301227,0.4114900158771863,0.44248627758356757,0.5300111520471644,0.007161781294129791,0.5155297818973544,0.5430955426974217,0.6324337551075665,0.007721550180450839,0.6171949616709247,0.64822148147133,0.7222994878840172,0.009101570183674251,0.7048695744097869,0.7416381511702523,0.7720988394405172,0.010417952972959584,0.7526361464472207,0.7915893365870852,0.3111996123420227,0.0346191644475282,0.24430799823243482,0.37871449340527574,1.0,0.0,1.0,1.0,25006.4,2085.662731370782,21000.0,29004.999999999996,12.388,14.072152695358357,0.0,48.0
0.5,0.1,0.0,0.0,0.0,0.0,0.0,0.0,0.0,0.0,0.0,0.0,0.0,0.0,,,,,0.0,0.0,0.0,0.0,0.0,0.0,0.0,0.0,100.0,0.0,100.0,100.0,0.6887420607515444,0.008747807533098752,0.6712647505576,0.7068309550959456,0.7584454237932592,0.013322335252258852,0.7341740348055262,0.785468662328159,0.0,0.0,0.0,0.0,0.0,0.0,0.0,0.0,0.0,0.0,0.0,0.0,0.7584454237932591,0.013322335252258854,0.7341740348055262,0.785468662328159,0.0,0.0,0.0,0.0,0.22657999999999998,0.030398645984281564,0.17,0.28512499999999985,0.4459699378686628,0.003987182905012924,0.4378152705768211,0.45337965242109285,0.8004810692308684,0.008682235435635042,0.782391388674669,0.8165958541181298,,,,,0.4459699378686628,0.003987182905012924,0.4378152705768211,0.45337965242109285,,,,,0.8004810692308684,0.008682235435635042,0.782391388674669,0.8165958541181298,0.0,0.0,0.0,0.0,0.41451615729203584,0.007364579434298328,0.40015892561225064,0.4281640629164835,0.4604454595068886,0.00544410661137246,0.4486333317466679,0.4703642860687163,0.49583217721558265,0.003696719257645593,0.48731379333288233,0.5,0.5,0.0,0.5,0.5,0.5,0.0,0.5,0.5,0.0,0.0,0.0,0.0,0.027498304727101953,0.014877570092530192,0.0,0.05970149253731343,0.3805494146081623,0.010317729937949011,0.35942294686348353,0.4009678218927948,0.49954154535866857,0.020008528184531676,0.46088289181871134,0.5399508951744331,,,,,0.3805494146081623,0.010317729937949011,0.35942294686348353,0.4009678218927948,,,,,0.49954154535866857,0.020008528184531676,0.46088289181871134,0.5399508951744331,0.0,0.0,0.0,0.0,0.29376092040332397,0.014754111704483647,0.26537284310451187,0.3231329254497163,0.3807855555181203,0.014790678539210787,0.35213916246037996,0.41036612256180954,0.46848375726875197,0.014574080123958201,0.43821806363168453,0.49523337335329637,0.5333492962484183,0.01438207119024278,0.504634628034967,0.5599429193246376,0.5627597948348606,0.014231588822778082,0.5334320925151537,0.5889498352019059,0.14819055727544778,0.002293150318530906,0.14388489208633093,0.15267759180148002,0.0,0.0,0.0,0.0,0.531161343877372,0.005421276660826386,0.5205828530635179,0.5421933096244266,0.49990506065479273,0.00838247864307335,0.48424596005510284,0.516682190690603,0.7579608424238635,0.00829846014300582,0.742566654307259,0.77443961086934,0.491706387646858,0.005666804967309862,0.48059910700338987,0.5035622522607713,0.7584454237932591,0.013322335252258854,0.7341740348055262,0.785468662328159,0.4549264951324295,0.009181455637759756,0.4374161358974265,0.4731273769033182,100.0,0.0,100.0,100.0,0.4275058715711166,0.007666062478301227,0.4114900158771863,0.44248627758356757,0.5300111520471644,0.007161781294129791,0.5155297818973544,0.5430955426974217,0.6324337551075665,0.007721550180450839,0.6171949616709247,0.64822148147133,0.7222994878840172,0.009101570183674251,0.7048695744097869,0.7416381511702523,0.7720988394405172,0.010417952972959584,0.7526361464472207,0.7915893365870852,0.318939853748682,0.035333585588900165,0.2496247013817149,0.3860826336132213,1.0,0.0,1.0,1.0,25006.4,2085.662731370782,21000.0,29004.999999999996,155.227,86.91957480040664,0.0,344.2499999999998
0.5,0.15,0.0,0.0,0.0,0.0,0.0,0.0,0.0,0.0,0.0,0.0,0.0,0.0,,,,,0.0,0.0,0.0,0.0,0.0,0.0,0.0,0.0,100.0,0.0,100.0,100.0,0.6887420607515444,0.008747807533098752,0.6712647505576,0.7068309550959456,0.7584454237932592,0.013322335252258852,0.7341740348055262,0.785468662328159,0.0,0.0,0.0,0.0,0.0,0.0,0.0,0.0,0.0,0.0,0.0,0.0,0.7584454237932591,0.013322335252258854,0.7341740348055262,0.785468662328159,0.0,0.0,0.0,0.0,0.40195,0.03381776369219498,0.335,0.47,0.46311458490738167,0.0035134556368796063,0.45586590002869665,0.46969875184281684,0.8004810692308684,0.008682235435635042,0.782391388674669,0.8165958541181298,,,,,0.46311458490738167,0.0035134556368796063,0.45586590002869665,0.46969875184281684,,,,,0.8004810692308684,0.008682235435635042,0.782391388674669,0.8165958541181298,0.0,0.0,0.0,0.0,0.4395161572920358,0.007364579434298328,0.42515892561225066,0.45316406291648353,0.4854446290295802,0.0054418517797113096,0.47363333174666794,0.4953642860687163,0.5,0.0,0.5,0.5,0.5,0.0,0.5,0.5,0.5,0.0,0.5,0.5,0.0,0.0,0.0,0.0,0.060240955166984606,0.021519172219999157,0.022723000683527,0.10486197270471462,0.40447798942828905,0.010141188697533506,0.38356203836516456,0.4245263999292686,0.49954154535866857,0.020008528184531676,0.46088289181871134,0.5399508951744331,,,,,0.40447798942828905,0.010141188697533506,0.38356203836516456,0.4245263999292686,,,,,0.49954154535866857,0.020008528184531676,0.46088289181871134,0.5399508951744331,0.0,0.0,0.0,0.0,0.31876092040332393,0.014754111704483644,0.29037284310451184,0.34813292544971625,0.40578555551812034,0.014790678539210789,0.37713916246037993,0.43536612256180957,0.493395413856787,0.01444466718497516,0.46321806363168455,0.5193058550804205,0.5548292733234073,0.013110459126665336,0.5274672234912233,0.5782334127846853,0.580858019949409,0.01204972714843872,0.5546599084548774,0.6009981380370916,0.14819055727544778,0.002293150318530906,0.14388489208633093,0.15267759180148002,0.0,0.0,0.0,0.0,0.531161343877372,0.005421276660826386,0.5205828530635179,0.5421933096244266,0.49990506065479273,0.00838247864307335,0.48424596005510284,0.516682190690603,0.7579608424238635,0.00829846014300582,0.742566654307259,0.77443961086934,0.491706387646858,0.005666804967309862,0.48059910700338987,0.5035622522607713,0.7584454237932591,0.013322335252258854,0.7341740348055262,0.785468662328159,0.4549264951324295,0.009181455637759756,0.4374161358974265,0.4731273769033182,100.0,0.0,100.0,100.0,0.4275058715711166,0.007666062478301227,0.4114900158771863,0.44248627758356757,0.5300111520471644,0.007161781294129791,0.5155297818973544,0.5430955426974217,0.6324337551075665,0.007721550180450839,0.6171949616709247,0.64822148147133,0.7222994878840172,0.009101570183674251,0.7048695744097869,0.7416381511702523,0.7720988394405172,0.010417952972959584,0.7526361464472207,0.7915893365870852,0.3382283756432752,0.03716754052784044,0.265380859375,0.4114728860294118,1.0,0.0,1.0,1.0,25006.4,2085.662731370782,21000.0,29004.999999999996,604.069,224.50372861750685,225.0,1092.0
0.5,0.2,0.0,0.0,0.0,0.0,0.0,0.0,0.0,0.0,0.0,0.0,0.0,0.0,,,,,0.0,0.0,0.0,0.0,0.0,0.0,0.0,0.0,100.0,0.0,100.0,100.0,0.6887420607515444,0.008747807533098752,0.6712647505576,0.7068309550959456,0.7584454237932592,0.013322335252258852,0.7341740348055262,0.785468662328159,0.0,0.0,0.0,0.0,0.0,0.0,0.0,0.0,0.0,0.0,0.0,0.0,0.7584454237932591,0.013322335252258854,0.7341740348055262,0.785468662328159,0.0,0.0,0.0,0.0,0.566215,0.03545639478191388,0.49,0.63,0.47595453981684605,0.0029215979572661554,0.46998846221647644,0.48131007030840994,0.8004810692308684,0.008682235435635042,0.782391388674669,0.8165958541181298,,,,,0.47595453981684605,0.0029215979572661554,0.46998846221647644,0.48131007030840994,,,,,0.8004810692308684,0.008682235435635042,0.782391388674669,0.8165958541181298,0.0,0.0,0.0,0.0,0.4645161572920358,0.007364579434298328,0.4501589256122507,0.4781640629164835,0.4998824584014572,0.0007914257850630851,0.4986284805305965,0.5,0.5,0.0,0.5,0.5,0.5,0.0,0.5,0.5,0.5,0.0,0.5,0.5,0.0,0.0,0.0,0.0,0.10373364596354559,0.027116747918801774,0.05169153868443929,0.15790570175438595,0.42745057013131554,0.00984438041391822,0.4074883556761473,0.44729997630716734,0.49954154535866857,0.020008528184531676,0.46088289181871134,0.5399508951744331,,,,,0.42745057013131554,0.00984438041391822,0.4074883556761473,0.44729997630716734,,,,,0.49954154535866857,0.020008528184531676,0.46088289181871134,0.5399508951744331,0.0,0.0,0.0,0.0,0.34376092040332396,0.014754111704483644,0.31537284310451186,0.37313292544971627,0.43078555551812037,0.014790678539210785,0.40213916246037995,0.46036612256180953,0.5172560830735886,0.01352368554555281,0.4882180636316845,0.5419851998917238,0.5719033526493875,0.011280842751103467,0.5479895219247354,0.5919508774889018,0.5936073837122505,0.009580724082986549,0.5729038773299281,0.6101521468442797,0.14819055727544778,0.002293150318530906,0.14388489208633093,0.15267759180148002,0.0,0.0,0.0,0.0,0.531161343877372,0.005421276660826386,0.5205828530635179,0.5421933096244266,0.49990506065479273,0.00838247864307335,0.48424596005510284,0.516682190690603,0.7579608424238635,0.00829846014300582,0.742566654307259,0.77443961086934,0.491706387646858,0.005666804967309862,0.48059910700338987,0.5035622522607713,0.7584454237932591,0.013322335252258854,0.7341740348055262,0.785468662328159,0.4549264951324295,0.009181455637759756,0.4374161358974265,0.4731273769033182,100.0,0.0,100.0,100.0,0.4275058715711166,0.007666062478301227,0.4114900158771863,0.44248627758356757,0.5300111520471644,0.007161781294129791,0.5155297818973544,0.5430955426974217,0.6324337551075665,0.007721550180450839,0.6171949616709247,0.64822148147133,0.7222994878840172,0.009101570183674251,0.7048695744097869,0.7416381511702523,0.7720988394405172,0.010417952972959584,0.7526361464472207,0.7915893365870852,0.37021027736105383,0.03952696529215052,0.29253945088631217,0.44747984913793104,1.0,0.0,1.0,1.0,25006.4,2085.662731370782,21000.0,29004.999999999996,1467.632,408.03995292027366,678.0,2310.5249999999996
0.5,0.25,0.0,0.0,0.0,0.0,0.0,0.0,0.0,0.0,0.0,0.0,0.0,0.0,,,,,0.0,0.0,0.0,0.0,0.0,0.0,0.0,0.0,100.0,0.0,100.0,100.0,0.6887420607515444,0.008747807533098752,0.6712647505576,0.7068309550959456,0.7584454237932592,0.013322335252258852,0.7341740348055262,0.785468662328159,0.0,0.0,0.0,0.0,0.0,0.0,0.0,0.0,0.0,0.0,0.0,0.0,0.7584454237932591,0.013322335252258854,0.7341740348055262,0.785468662328159,0.0,0.0,0.0,0.0,0.701455,0.03360263549354591,0.63,0.765,0.4850319044717188,0.0023115622967493383,0.4803385930746325,0.48944219669949,0.8004810692308684,0.008682235435635042,0.782391388674669,0.8165958541181298,,,,,0.4850319044717188,0.0023115622967493383,0.4803385930746325,0.48944219669949,,,,,0.8004810692308684,0.008682235435635042,0.782391388674669,0.8165958541181298,0.0,0.0,0.0,0.0,0.4893109692068166,0.006985154620651203,0.4751589256122506,0.5,0.5,0.0,0.5,0.5,0.5,0.0,0.5,0.5,0.5,0.0,0.5,0.5,0.5,0.0,0.5,0.5,0.0,0.0,0.0,0.0,0.1562456836025986,0.03290616975676343,0.096,0.22309701492537312,0.4492239534616283,0.009426775322980026,0.4301738492227469,0.4680647979074137,0.49954154535866857,0.020008528184531676,0.46088289181871134,0.5399508951744331,,,,,0.4492239534616283,0.009426775322980026,0.4301738492227469,0.4680647979074137,,,,,0.49954154535866857,0.020008528184531676,0.46088289181871134,0.5399508951744331,0.0,0.0,0.0,0.0,0.36876092040332403,0.014754111704483644,0.3403728431045118,0.3981329254497163,0.4557855555181204,0.014790678539210787,0.42713916246038,0.48536612256180955,0.5379180916299067,0.01181430143507118,0.5124056258702658,0.5593614545906007,0.5846300211150037,0.009312068058626027,0.5645127445667082,0.6006422085604541,0.6020258537375387,0.007439870234213024,0.585590163602098,0.6139293380772091,0.14819055727544778,0.002293150318530906,0.14388489208633093,0.15267759180148002,0.0,0.0,0.0,0.0,0.531161343877372,0.005421276660826386,0.5205828530635179,0.5421933096244266,0.49990506065479273,0.00838247864307335,0.48424596005510284,0.516682190690603,0.7579608424238635,0.00829846014300582,0.742566654307259,0.77443961086934,0.491706387646858,0.005666804967309862,0.48059910700338987,0.5035622522607713,0.7584454237932591,0.013322335252258854,0.7341740348055262,0.785468662328159,0.4549264951324295,0.009181455637759756,0.4374161358974265,0.4731273769033182,100.0,0.0,100.0,100.0,0.4275058715711166,0.007666062478301227,0.4114900158771863,0.44248627758356757,0.5300111520471644,0.007161781294129791,0.5155297818973544,0.5430955426974217,0.6324337551075665,0.007721550180450839,0.6171949616709247,0.64822148147133,0.7222994878840172,0.009101570183674251,0.7048695744097869,0.7416381511702523,0.7720988394405172,0.010417952972959584,0.7526361464472207,0.7915893365870852,0.41443080068901433,0.04099565961947675,0.33777708333333334,0.4947165457589286,1.0,0.0,1.0,1.0,25006.4,2085.662731370782,21000.0,29004.999999999996,2736.244,612.9118120523974,1668.0,3969.1749999999997
0.5,0.3,0.0,0.0,0.0,0.0,0.0,0.0,0.0,0.0,0.0,0.0,0.0,0.0,,,,,0.0,0.0,0.0,0.0,0.0,0.0,0.0,0.0,100.0,0.0,100.0,100.0,0.6887420607515444,0.008747807533098752,0.6712647505576,0.7068309550959456,0.7584454237932592,0.013322335252258852,0.7341740348055262,0.785468662328159,0.0,0.0,0.0,0.0,0.0,0.0,0.0,0.0,0.0,0.0,0.0,0.0,0.7584454237932591,0.013322335252258854,0.7341740348055262,0.785468662328159,0.0,0.0,0.0,0.0,0.8046850000000001,0.028008217280563116,0.75,0.855,0.4911410057358971,0.001750405010149164,0.4875557085357541,0.49451377599360297,0.8004810692308684,0.008682235435635042,0.782391388674669,0.8165958541181298,,,,,0.4911410057358971,0.001750405010149164,0.4875557085357541,0.49451377599360297,,,,,0.8004810692308684,0.008682235435635042,0.782391388674669,0.8165958541181298,0.0,0.0,0.0,0.0,0.49993873922999377,0.00046363791484644847,0.49973051162567145,0.5,0.5,0.0,0.5,0.5,0.5,0.0,0.5,0.5,0.5,0.0,0.5,0.5,0.5,0.0,0.5,0.5,0.0,0.0,0.0,0.0,0.21523884407792274,0.03691896997559772,0.144,0.2868232939382387,0.4695911388142648,0.00892365113205397,0.45167924458132847,0.48737711776397985,0.49954154535866857,0.020008528184531676,0.46088289181871134,0.5399508951744331,,,,,0.4695911388142648,0.00892365113205397,0.45167924458132847,0.48737711776397985,,,,,0.49954154535866857,0.020008528184531676,0.46088289181871134,0.5399508951744331,0.0,0.0,0.0,0.0,0.39376092040332394,0.014754111704483647,0.36537284310451185,0.42313292544971626,0.48073582111279334,0.014674071018371747,0.45213916246038,0.5086858730872407,0.5542984408199263,0.010053975965026,0.533714164886655,0.5721102669346522,0.5936116831005547,0.007420585059584503,0.5780891190575405,0.6066179919674213,0.6073768212396826,0.005879779241544659,0.594586268942603,0.6166594937005835,0.14819055727544778,0.002293150318530906,0.14388489208633093,0.15267759180148002,0.0,0.0,0.0,0.0,0.531161343877372,0.005421276660826386,0.5205828530635179,0.5421933096244266,0.49990506065479273,0.00838247864307335,0.48424596005510284,0.516682190690603,0.7579608424238635,0.00829846014300582,0.742566654307259,0.77443961086934,0.491706387646858,0.005666804967309862,0.48059910700338987,0.5035622522607713,0.7584454237932591,0.013322335252258854,0.7341740348055262,0.785468662328159,0.4549264951324295,0.009181455637759756,0.4374161358974265,0.4731273769033182,100.0,0.0,100.0,100.0,0.4275058715711166,0.007666062478301227,0.4114900158771863,0.44248627758356757,0.5300111520471644,0.007161781294129791,0.5155297818973544,0.5430955426974217,0.6324337551075665,0.007721550180450839,0.6171949616709247,0.64822148147133,0.7222994878840172,0.009101570183674251,0.7048695744097869,0.7416381511702523,0.7720988394405172,0.010417952972959584,0.7526361464472207,0.7915893365870852,0.4693724797827726,0.04185308662598656,0.3890158203125,0.5515857240437158,1.0,0.0,1.0,1.0,25006.4,2085.662731370782,21000.0,29004.999999999996,4325.754,807.7335891462203,2821.65,5920.2
0.75,0.0,0.07748000000000002,0.03595194211919771,0.02,0.15,0.02851,0.016660055745928867,0.0,0.06,0.10599000000000001,0.03943063117266416,0.039750000000000014,0.19,0.7151891783606381,0.16886265644602244,0.3333333333333333,1.0,7.748,3.5951942119197704,2.0,15.0,2.851,1.6660055745928866,0.0,6.0,89.401,3.943063117266416,81.0,96.02499999999998,0.7239368757481967,0.005924010147132053,0.7122908609888099,0.7358245535207217,0.8502395437426117,0.007968103239384421,0.8353422132994193,0.866130931328862,0.0,0.0,0.0,0.0,0.07556063242550079,0.03483344495041058,0.019452944079407196,0.14626084860640534,0.026655828021159296,0.015564205701114216,0.0,0.05704838460781107,0.7480230832959517,0.03632475792698825,0.67448264417855,0.8144706667872511,0.03874000000000001,0.017975971059598854,0.01,0.075,0.0,0.0,0.0,0.0,0.6003608019231512,0.006511676576726282,0.5867935415060017,0.6124468905885974,0.8004810692308684,0.008682235435635042,0.782391388674669,0.8165958541181298,0.732560977937005,0.004567991917434263,0.7238728238189772,0.7416003175870464,0.5950549055355043,0.0067632052749303185,0.5811293150074238,0.6076063554514263,0.9767479705826735,0.006090655889912346,0.9651637650919698,0.9888004234493952,0.7934065407140057,0.009017607033240425,0.7748390866765651,0.8101418072685687,7.748,3.5951942119197704,2.0,15.0,0.5467742359380537,0.011046869151447493,0.525238388418376,0.5672460943747252,0.6156681892603328,0.008166159917058692,0.5979499976200019,0.6305464291030745,0.6695061979452919,0.0066575385687219725,0.6559706899993235,0.6824334539533107,0.7037533727988332,0.005753519418783043,0.6914533139984932,0.7138339571819866,0.7180156310045268,0.0055133741566151355,0.7064811196935517,0.7280374275456437,0.022788260559054425,0.01323314958373249,0.0,0.05043085030622418,0.0,0.0,0.0,0.0,0.415274920484276,0.015090458665306405,0.3865844906973767,0.4456190518741168,0.49954154535866857,0.020008528184531676,0.46088289181871134,0.5399508951744331,0.7480656605836841,0.012577754326992466,0.7253187698855318,0.7755556615716143,0.40752452160736136,0.014583000807909243,0.3777511406919754,0.43586706164346056,0.9354593563570954,0.017910065702674404,0.9014596613794372,0.9728578889293,0.4893951423613603,0.01935382022200321,0.45126996114948514,0.5276714808750491,2.851,1.6660055745928866,0.0,6.0,0.2864162766235671,0.021940978530004606,0.24667743777733586,0.330920936464074,0.414938903406966,0.02203412105664192,0.37321267655956236,0.45901080981755243,0.5441862099735651,0.021291566253793515,0.5013623178346621,0.5836371946997099,0.6404115156237704,0.020997688008029897,0.5997968289503611,0.6797804025637528,0.6834518106504043,0.02096656917463914,0.6399079592608751,0.7211148601787246,0.13246689373220916,0.005826401419346104,0.11982093505297098,0.1432933262991295,0.0,0.0,0.0,0.0,0.5155332022660825,0.006513086053264152,0.5031074130995915,0.5285166630438372,0.49990506065479273,0.00838247864307335,0.48424596005510284,0.516682190690603,0.789997383517996,0.0065106589389511554,0.7786388257537888,0.8033470317744552,0.4736179629482684,0.006316465469373929,0.4618371867731813,0.48636461946049414,0.8365787887034278,0.00885283446280664,0.8196735190748319,0.8530982723328896,0.44849115648814336,0.008336779668318335,0.43311020462829947,0.46516182225946473,89.401,3.943063117266416,81.0,96.02499999999998,0.3833112645748579,0.00931962960978014,0.365281037064662,0.402760764883047,0.5151494968921108,0.009902880130240023,0.49551717742361634,0.5346626728926878,0.6477020515603882,0.009365832681514287,0.6289783507593987,0.6658493450112464,0.7486505288668932,0.009217332069875154,0.7311307170973469,0.7661071468621597,0.7973442327317715,0.009963977641619192,0.7780968888807457,0.8174690272197918,0.17907015830665035,0.026805460515452257,0.12866538461538463,0.23256095242584213,,,,,25006.4,2085.662731370782,21000.0,29004.999999999996,0.0,0.0,0.0,0.0
0.75,0.05,0.20864000000000002,0.045217198000263074,0.12,0.3,0.04724000000000001,0.021453266479551376,0.01,0.09,0.25588,0.047538252865302964,0.16,0.36,0.8136163961273628,0.08224861613599514,0.636244019138756,0.958375,20.864,4.5217198000263075,12.0,30.0,4.724,2.1453266479551374,1.0,9.0,74.412,4.7538252865302955,64.0,84.0,0.7409573410893229,0.004986335731887824,0.7304429125791299,0.75,0.8754462853139396,0.007478453314518419,0.8617490442115238,0.8890090931402697,0.15067,0.037574764975485384,0.08,0.23,0.20016614572110727,0.04306477538754516,0.11533442544515207,0.2871017280739657,0.04337803465501358,0.01967667741004506,0.009001230584274234,0.08335443889647905,0.6319021049378186,0.04227151688373126,0.549369468229472,0.71497520329187,0.10432000000000001,0.022608599000131537,0.06,0.15,0.07194999999999999,0.018784311282300195,0.03987500000000001,0.11,0.6369094963246869,0.006422041965229535,0.6235237694287682,0.6487576965817601,0.8004810692308684,0.008682235435635042,0.782391388674669,0.8165958541181298,0.7481633923919674,0.0015982676293203532,0.7440996922150663,0.75,0.6239351622852496,0.006985457598008137,0.610087707402461,0.6372558054091431,0.9597581399933008,0.005272496559438025,0.949472018527294,0.9700034334167418,0.7819311885493802,0.009330476577127352,0.7634502765366146,0.7996744072121906,20.864,4.5217198000263075,12.0,30.0,0.5842742359380537,0.011046869151447489,0.5627383884183761,0.6047460943747253,0.6531681892603328,0.008166159917058689,0.635449997620002,0.6680464291030745,0.7070061979452918,0.00665753856872197,0.6934706899993236,0.7199334539533108,0.741147702853873,0.005556595315627794,0.7289533139984933,0.75,0.749469539504646,0.0016681998713719357,0.7439726978613568,0.75,0.03774525288603354,0.01682634958600145,0.007936507936507936,0.0737857336404281,0.006949062029690656,0.007397402472943757,0.0,0.025,0.4526873990730244,0.015070230437716122,0.4239872223386284,0.4827636568441434,0.49954154535866857,0.020008528184531676,0.46088289181871134,0.5399508951744331,0.7692137842565854,0.010593331619836025,0.7471739631252208,0.7901329674019227,0.4402756691553434,0.014371483479830194,0.41149413917517963,0.4687784572480115,0.9183598078121276,0.016965658483883348,0.8848456999940583,0.950963425881063,0.48312358186417004,0.019090781826842332,0.4445472448522955,0.5210734797878628,4.724,2.1453266479551374,1.0,9.0,0.3239162766235671,0.021940978530004606,0.28417743777733584,0.368420936464074,0.45243890340696613,0.02203412105664193,0.4107126765595624,0.49651080981755247,0.5816862099735651,0.02129156625379352,0.5388623178346622,0.62113719469971,0.6779115156237705,0.020997688008029897,0.6372968289503612,0.7172804025637529,0.7209315529163196,0.02092344378904092,0.6774079592608752,0.7586148601787247,0.11025262889085687,0.006954051951394683,0.09600513843929727,0.12407759963082914,0.0,0.0,0.0,0.0,0.5155332022660825,0.006513086053264152,0.5031074130995915,0.5285166630438372,0.49990506065479273,0.00838247864307335,0.48424596005510284,0.516682190690603,0.8017265588680823,0.006307478508506204,0.7895942699301214,0.8140623201068603,0.48006189233927044,0.006266751506036884,0.46806569922309166,0.49339152604784353,0.8490734179465655,0.0087016347182827,0.8322916568252227,0.8651939218605197,0.45663177429779317,0.008267744421706356,0.44130289145164253,0.47318152250786694,74.412,4.7538252865302955,64.0,84.0,0.3833112645748579,0.00931962960978014,0.365281037064662,0.402760764883047,0.5151494968921108,0.009902880130240023,0.49551717742361634,0.5346626728926878,0.6477020515603882,0.009365832681514287,0.6289783507593987,0.6658493450112464,0.7486505288668932,0.009217332069875154,0.7311307170973469,0.7661071468621597,0.7973442327317715,0.009963977641619192,0.7780968888807457,0.8174690272197918,0.1796764253837845,0.026952344463378283,0.1289594246031746,0.23318722878495657,1.0,0.0,1.0,1.0,25006.4,2085.662731370782,21000.0,29004.999999999996,12.388,14.072152695358357,0.0,48.0
0.75,0.1,0.25055,0.07775759605172823,0.08,0.39,0.08002000000000001,0.028460667764646876,0.03,0.14,0.33057000000000003,0.07284834920560644,0.18,0.46,0.7434500719543408,0.1172169257325555,0.45,0.918918918918919,25.055,7.775759605172825,8.0,39.0,8.002,2.8460667764646876,3.0,14.0,66.943,7.284834920560645,54.0,82.0,0.7499815686659086,0.0001936803517288686,0.75,0.75,0.8795108129028897,0.008266884180487634,0.8616383303253129,0.8955041398933742,0.28467000000000003,0.07541603727774801,0.12,0.42,0.23493966156209678,0.07294349894120271,0.07534118040202487,0.36694789691719465,0.07163889784594545,0.02548275401230826,0.026607321023447966,0.12490724153829565,0.5729322534948473,0.062720289112707,0.4593211066207605,0.7018869976612181,0.125275,0.038878798025864116,0.04,0.195,0.22657999999999998,0.030398645984281564,0.17,0.28512499999999985,0.6689549068029942,0.005980774357519386,0.6567229058652317,0.6800694786316394,0.8004810692308684,0.008682235435635042,0.782391388674669,0.8165958541181298,0.7499994300123556,7.482552903564706e-06,0.75,0.75,0.6571841784522937,0.007764732461366011,0.6415161019522402,0.6711217001740598,0.9376205993669692,0.005464500782481592,0.9265051310609538,0.9480475284071462,0.7805493395573797,0.01171727491903105,0.7580635873750129,0.8020320674836566,25.055,7.775759605172825,8.0,39.0,0.6217742359380537,0.01104686915144749,0.600238388418376,0.6422460943747252,0.6906681892603328,0.00816615991705869,0.6729499976200018,0.7055464291030744,0.7437482658233739,0.005545078886468392,0.7309706899993236,0.75,0.75,0.0,0.75,0.75,0.75,0.0,0.75,0.75,0.0640198059930818,0.022270697119427717,0.023622047244094488,0.10834239130434782,0.027498304727101953,0.014877570092530192,0.0,0.05970149253731343,0.4895865989816943,0.014952440230770052,0.46113592922413477,0.519460691545108,0.49954154535866857,0.020008528184531676,0.46088289181871134,0.5399508951744331,0.7797851167553462,0.006822718934080177,0.7671935025573551,0.7929491148227993,0.4697470370049906,0.01389679469800086,0.4415911874773592,0.4969905561098521,0.8953499246898688,0.01553794505416026,0.8672853645011979,0.9273521655826724,0.4724891620135031,0.018468921442504133,0.4343514529145374,0.5088161782565703,8.002,2.8460667764646876,3.0,14.0,0.3614162766235671,0.021940978530004606,0.3216774377773358,0.40592093646407407,0.48993890340696605,0.022034121056641914,0.44821267655956243,0.5340108098175523,0.6191862099735651,0.021291566253793515,0.5763623178346621,0.6586371946997098,0.7153951001368956,0.020960105895833924,0.6747968289503611,0.7547494771776284,0.7564669434775875,0.01868870142245369,0.7149079592608751,0.7866889016840144,0.09918147160315396,0.010708377134598214,0.07957830805768949,0.12227288618583358,0.0,0.0,0.0,0.0,0.5155332022660825,0.006513086053264152,0.5031074130995915,0.5285166630438372,0.49990506065479273,0.00838247864307335,0.48424596005510284,0.516682190690603,0.8082845094525296,0.005446436174634341,0.7978728411824171,0.8186594097535252,0.4832991864086259,0.006019875298930674,0.4718075352457813,0.49538032758000267,0.8558307889749861,0.008069261513126386,0.8401461510373726,0.8715355875079402,0.46071577697481636,0.007929691738246737,0.4457332660496586,0.47617281231332426,66.943,7.284834920560645,54.0,82.0,0.3833112645748579,0.00931962960978014,0.365281037064662,0.402760764883047,0.5151494968921108,0.009902880130240023,0.49551717742361634,0.5346626728926878,0.6477020515603882,0.009365832681514287,0.6289783507593987,0.6658493450112464,0.7486505288668932,0.009217332069875154,0.7311307170973469,0.7661071468621597,0.7973442327317715,0.009963977641619192,0.7780968888807457,0.8174690272197918,0.1846715075984115,0.027939977822154103,0.13249737394957983,0.2413923319327731,1.0,0.0,1.0,1.0,25006.4,2085.662731370782,21000.0,29004.999999999996,155.227,86.91957480040664,0.0,344.2499999999998
0.75,0.15,0.19569,0.07914282966565883,0.03,0.35,0.13518,0.03633852071959023,0.07,0.21,0.33087,0.07291817441598604,0.18,0.47,0.5691748842029503,0.16061158865342506,0.14285714285714285,0.7954545454545454,19.569,7.914282966565883,3.0,35.0,13.518,3.633852071959023,7.0,21.0,66.913,7.291817441598603,53.0,82.0,0.7500226101646358,0.0002751815236868967,0.75,0.75,0.8676229515779381,0.00721105810240333,0.8531142646410743,0.8814756178434238,0.27099,0.07518226035623213,0.11,0.41,0.17816277645009843,0.07208503464473054,0.027042016572213567,0.3180072879828541,0.11677276773101251,0.03144679424370766,0.05964501172588625,0.18247800367544775,0.5726874073968272,0.06276846436068566,0.45735956301888747,0.7014228378422946,0.097845,0.039571414832829416,0.015,0.175,0.40195,0.03381776369219498,0.335,0.47,0.6946718773610725,0.005270183455319413,0.6837988500430451,0.7045481277642253,0.8004810692308684,0.008682235435635042,0.782391388674669,0.8165958541181298,0.75,0.0,0.75,0.75,0.6885679034378533,0.006297124674782373,0.6761118192407211,0.7001612954383681,0.9103057736387775,0.009989059075727722,0.8908357426206502,0.9288645564663366,0.7883466598557177,0.01069949059177669,0.76713571026822,0.8073234344955306,19.569,7.914282966565883,3.0,35.0,0.6592742359380537,0.011046869151447493,0.637738388418376,0.6797460943747252,0.7281669435443703,0.008162777669566966,0.7104499976200019,0.7430464291030745,0.75,0.0,0.75,0.75,0.75,0.0,0.75,0.75,0.75,0.0,0.75,0.75,0.10815649171409648,0.02783791419350117,0.056899095200629426,0.16532369146005507,0.060240955166984606,0.021519172219999157,0.022723000683527,0.10486197270471462,0.5254794612118844,0.014681494270004439,0.4971681952590463,0.5549961056283924,0.49954154535866857,0.020008528184531676,0.46088289181871134,0.5399508951744331,0.7823622386517656,0.005119038715507697,0.7719699596403579,0.7919599266217644,0.4943397805184313,0.013353587621140667,0.46834513714227355,0.5209359022570265,0.8637802440618751,0.014436664738752181,0.8345344542049852,0.8920609759492453,0.4553866192847751,0.017760218386579586,0.42082344902420615,0.4916802738567424,13.518,3.633852071959023,7.0,21.0,0.3989162766235671,0.021940978530004606,0.35917743777733585,0.443420936464074,0.5274389034069661,0.022034121056641924,0.4857126765595624,0.5715108098175524,0.6566862099735652,0.02129156625379352,0.6138623178346622,0.6961371946997099,0.7507392510762975,0.01832230048916546,0.7122968289503612,0.7796560142954332,0.7808707442509272,0.011824479816724577,0.752006532503858,0.798249086254115,0.09913684993192895,0.010716860239812828,0.07894642452616477,0.12227288618583358,0.0,0.0,0.0,0.0,0.5155332022660825,0.006513086053264152,0.5031074130995915,0.5285166630438372,0.49990506065479273,0.00838247864307335,0.48424596005510284,0.516682190690603,0.8083128631021607,0.005450875400963402,0.7978728411824171,0.8186594097535252,0.4833123263747326,0.006021167121617397,0.4718075352457813,0.4953897948497168,0.8558510897226358,0.008068161966567842,0.8401461510373726,0.8715355875079402,0.4607332925354358,0.007931232755043963,0.4457332660496586,0.47617281231332426,66.913,7.291817441598603,53.0,82.0,0.3833112645748579,0.00931962960978014,0.365281037064662,0.402760764883047,0.5151494968921108,0.009902880130240023,0.49551717742361634,0.5346626728926878,0.6477020515603882,0.009365832681514287,0.6289783507593987,0.6658493450112464,0.7486505288668932,0.009217332069875154,0.7311307170973469,0.7661071468621597,0.7973442327317715,0.009963977641619192,0.7780968888807457,0.8174690272197918,0.19869305234551873,0.030020964978109688,0.14183246153846155,0.2619654192789968,1.0,0.0,1.0,1.0,25006.4,2085.662731370782,21000.0,29004.999999999996,604.069,224.50372861750685,225.0,1092.0
0.75,0.2,0.13133,0.0761020539973963,0.0,0.28,0.20153000000000004,0.04275028288428846,0.13,0.29,0.33286,0.06976307968608673,0.2,0.47,0.36959900092711084,0.17909242347431314,0.0,0.6452484742807323,13.133,7.61020539973963,0.0,28.0,20.153,4.275028288428845,13.0,29.0,66.714,6.9763079686086735,53.0,80.0,0.750279621525401,0.0012718818271310712,0.75,0.7549582242483142,0.8553023810960839,0.006864856032230172,0.8423474917694581,0.8681654790103958,0.26089,0.07078642962191707,0.12,0.4,0.11638158713880488,0.06748282869774674,0.0,0.24611173948173407,0.16780882801676775,0.035820695541515624,0.10488930406971989,0.23970376460230455,0.5711119659405113,0.06025009768341035,0.45735956301888747,0.6854143064431558,0.065665,0.03805102699869815,0.0,0.14,0.566215,0.03545639478191388,0.49,0.63,0.713931809725269,0.004382396935899232,0.7049826933247149,0.7219651054626149,0.8004810692308684,0.008682235435635042,0.782391388674669,0.8165958541181298,0.75,0.0,0.75,0.75,0.7113445393533452,0.0048552940840401945,0.7018377885711314,0.7203276716864534,0.8860155179555033,0.017779994005993578,0.8537930958515073,0.9193833924008684,0.7943287263568054,0.009764443864436746,0.7744878156447178,0.8123913514091774,13.133,7.61020539973963,0.0,28.0,0.6967742359380539,0.011046869151447493,0.675238388418376,0.7172460943747252,0.7498236876021859,0.0011871386775946277,0.7479427207958947,0.75,0.75,0.0,0.75,0.75,0.75,0.0,0.75,0.75,0.75,0.0,0.75,0.75,0.16136700703703608,0.032403969906377984,0.10317460317460317,0.22764227642276422,0.10373364596354559,0.027116747918801774,0.05169153868443929,0.15790570175438595,0.5599383322664241,0.0142252104502957,0.5315417623231072,0.5887603507919215,0.49954154535866857,0.020008528184531676,0.46088289181871134,0.5399508951744331,0.7840157721578519,0.004080359489236398,0.7757973262555923,0.7919130322033405,0.5168335482415904,0.013087768179949449,0.49065462366774143,0.542254560987659,0.8325251486350332,0.014314365236396464,0.8048867693439812,0.8602719131115675,0.43547152783205345,0.01737097680009183,0.4007234445264312,0.46954554123511094,20.153,4.275028288428845,13.0,29.0,0.43641627662356713,0.021940978530004606,0.39667743777733583,0.480920936464074,0.564938903406966,0.022034121056641924,0.5232126765595624,0.6090108098175524,0.6941856415301784,0.02129000385418429,0.6513623178346623,0.7336371946997098,0.7750286337760608,0.011327839132785707,0.7497968289503611,0.7925051585810964,0.7931378087118316,0.0071732394934149344,0.7763677865457513,0.8043492187958343,0.09884047704884776,0.01022769859298634,0.07894642452616477,0.11874430039092145,0.0,0.0,0.0,0.0,0.5155332022660825,0.006513086053264152,0.5031074130995915,0.5285166630438372,0.49990506065479273,0.00838247864307335,0.48424596005510284,0.516682190690603,0.8084590622682758,0.0055119770611080894,0.7978820692313381,0.8191117538659706,0.4834024203891281,0.006034794769588921,0.47182550274461116,0.4955915756130544,0.8560204068257924,0.008120564533566547,0.8402722800122374,0.8718352549290606,0.4608438697008228,0.007944179572550034,0.44587323819531255,0.47627538652673035,66.714,6.9763079686086735,53.0,80.0,0.3833112645748579,0.00931962960978014,0.365281037064662,0.402760764883047,0.5151494968921108,0.009902880130240023,0.49551717742361634,0.5346626728926878,0.6477020515603882,0.009365832681514287,0.6289783507593987,0.6658493450112464,0.7486505288668932,0.009217332069875154,0.7311307170973469,0.7661071468621597,0.7973442327317715,0.009963977641619192,0.7780968888807457,0.8174690272197918,0.224882502882698,0.033035056804190006,0.16394488636363636,0.29075769410328234,1.0,0.0,1.0,1.0,25006.4,2085.662731370782,21000.0,29004.999999999996,1467.632,408.03995292027366,678.0,2310.5249999999996
0.75,0.25,0.06827000000000001,0.064588534421976,0.0,0.22,0.27257,0.04731102866598266,0.18,0.36,0.34084,0.061751985455592504,0.23,0.47,0.18282811647260844,0.1583362853799582,0.0,0.5,6.827,6.458853442197602,0.0,22.0,27.257,4.731102866598267,18.0,36.0,65.916,6.17519854555925,53.0,77.0,0.7513926625341727,0.0031861755246994495,0.75,0.7616757579813271,0.8426694389202605,0.007498734554392635,0.8279018123968539,0.8581845092702752,0.26271999999999995,0.06263005767300653,0.15,0.4,0.059051039985058354,0.05585771582350765,0.0,0.18264770603568484,0.21890938244828068,0.038352862331293806,0.1458731589745288,0.2924121047462247,0.5647090164869215,0.05371099100343476,0.45735956301888747,0.6627565403037936,0.034135000000000006,0.032294267210988,0.0,0.11,0.701455,0.03360263549354591,0.63,0.765,0.7275478567075784,0.0034673434451240053,0.7205078896119488,0.734163295049235,0.8004810692308684,0.008682235435635042,0.782391388674669,0.8165958541181298,0.75,0.0,0.75,0.75,0.726736755101591,0.0036219314592800538,0.7190640195441785,0.7336418197605601,0.8650636617923341,0.028200846733357477,0.8006729415218671,0.9233940225300862,0.7981477693066602,0.009087303811764046,0.7794538891533777,0.8144703313179321,6.827,6.458853442197602,0.0,22.0,0.733966453810225,0.010477731930976807,0.712738388418376,0.75,0.75,0.0,0.75,0.75,0.75,0.0,0.75,0.75,0.75,0.0,0.75,0.75,0.75,0.0,0.75,0.75,0.2182650108947052,0.03518499695870578,0.1487522598140496,0.28574197120708744,0.1562456836025986,0.03290616975676343,0.096,0.22309701492537312,0.5925984072618933,0.013582562999371543,0.5658342647027947,0.6202448528344278,0.49954154535866857,0.020008528184531676,0.46088289181871134,0.5399508951744331,0.7856946096288494,0.0034054956136947046,0.7789380744844164,0.7921535189373446,0.5387063001094483,0.012805350555753372,0.5137055429386502,0.5635573653158504,0.8030510632338158,0.014721614431262462,0.7747251870312455,0.8316162086813741,0.4148266309535191,0.017097709403952752,0.38109967510327625,0.448693754634347,27.257,4.731102866598267,18.0,36.0,0.4739162766235671,0.021940978530004606,0.4341774377773358,0.518420936464074,0.6024389034069662,0.02203412105664192,0.5607126765595624,0.6465108098175524,0.7310598493011694,0.02017504926227788,0.6888623178346621,0.7648346855985206,0.7875907880827808,0.007171400616949089,0.7708910012337585,0.7988579808558317,0.7996525341854864,0.004681268026166276,0.7884910650965342,0.8067597307823127,0.09765435579632964,0.008981729062605045,0.07894642452616477,0.11340707010001078,0.0,0.0,0.0,0.0,0.5155332022660825,0.006513086053264152,0.5031074130995915,0.5285166630438372,0.49990506065479273,0.00838247864307335,0.48424596005510284,0.516682190690603,0.8090798201263456,0.005802937855094615,0.7979349056120658,0.8205739468387019,0.48376043031199184,0.006137192721493763,0.47205629661699305,0.4960073145721138,0.8566378119117721,0.008371922491191055,0.840627778946209,0.8735034246766575,0.4612947073127795,0.008069521271650186,0.44628283117055295,0.47772249497311453,65.916,6.17519854555925,53.0,77.0,0.3833112645748579,0.00931962960978014,0.365281037064662,0.402760764883047,0.5151494968921108,0.009902880130240023,0.49551717742361634,0.5346626728926878,0.6477020515603882,0.009365832681514287,0.6289783507593987,0.6658493450112464,0.7486505288668932,0.009217332069875154,0.7311307170973469,0.7661071468621597,0.7973442327317715,0.009963977641619192,0.7780968888807457,0.8174690272197918,0.2627887634232021,0.0367261488833167,0.19233391393442625,0.33510105357142855,1.0,0.0,1.0,1.0,25006.4,2085.662731370782,21000.0,29004.999999999996,2736.244,612.9118120523974,1668.0,3969.1749999999997
0.75,0.3,0.02185,0.03919200828630135,0.0,0.13024999999999978,0.34426999999999996,0.04897208761494006,0.25,0.43,0.36612,0.051904138945171215,0.27,0.47,0.054612745814456874,0.09380728435486851,0.0,0.322641129032258,2.185,3.9192008286301347,0.0,13.024999999999977,34.427,4.897208761494006,25.0,43.0,63.388,5.190413894517122,53.0,73.0,0.7547091923456513,0.00540572661403536,0.75,0.7680974251971201,0.8295621184920786,0.00884564906492289,0.8123034379255518,0.8469519176202416,0.28664999999999996,0.050398586463486425,0.19,0.39,0.01849544153696402,0.03314129547482632,0.0,0.1126628383274729,0.26672071759151084,0.038589788711888506,0.19029536761150342,0.33634023169227417,0.5443459593636037,0.045441892100150115,0.4559382151879894,0.6300246738029416,0.010925,0.019596004143150676,0.0,0.06512499999999989,0.8046850000000001,0.028008217280563116,0.75,0.855,0.7367115086038455,0.002625607515223747,0.7313335628036313,0.7417706639904044,0.8004810692308684,0.008682235435635042,0.782391388674669,0.8165958541181298,0.75,0.0,0.75,0.75,0.7365628778122553,0.002651010583909241,0.7310561519666143,0.7416324904402367,0.847903488639995,0.03999631365730361,0.7598593089506437,0.9278263636321586,0.7999682372478476,0.00879174864647861,0.7815949784699915,0.8165014041491431,2.185,3.9192008286301347,0.0,13.024999999999977,0.7499081088449907,0.0006954568722696733,0.7495957674385072,0.75,0.75,0.0,0.75,0.75,0.75,0.0,0.75,0.75,0.75,0.0,0.75,0.75,0.75,0.0,0.75,0.75,0.27582617406861365,0.03590378321010338,0.20452031375703944,0.34513274336283184,0.21523884407792274,0.03691896997559772,0.144,0.2868232939382387,0.623149185290848,0.012795490479517523,0.5973525540105692,0.6489269151708306,0.49954154535866857,0.020008528184531676,0.46088289181871134,0.5399508951744331,0.7872918616966013,0.0031505582828777086,0.7812462356316227,0.7932753879026097,0.5606414208506274,0.013050536353003479,0.5360399392834032,0.5864406436780483,0.7745972427352408,0.015110590384604635,0.7453990007242934,0.8046486460020141,0.39478115261599567,0.017914180569318,0.36194124302622466,0.4309066679947721,34.427,4.897208761494006,25.0,43.0,0.511416276623567,0.02194097853000461,0.4716774377773358,0.555920936464074,0.639938903406966,0.02203412105664192,0.5982126765595625,0.6840108098175524,0.7604503460573628,0.013456159909426576,0.7263623178346621,0.7797911187788322,0.7945322409672329,0.00490159841249917,0.7838988387619897,0.8028272517939056,0.8030320602421136,0.0034108524995701602,0.7951867941112518,0.8081642786099237,0.09389667781826663,0.007346164988213143,0.07894642452616477,0.10735568481123792,0.0,0.0,0.0,0.0,0.5155332022660825,0.006513086053264152,0.5031074130995915,0.5285166630438372,0.49990506065479273,0.00838247864307335,0.48424596005510284,0.516682190690603,0.8112078755040393,0.006559550871262191,0.7991071944362609,0.82484146393427,0.48488987683226475,0.0062737379455154495,0.47301949511445773,0.4975258396217701,0.8586833694176903,0.008890641847752316,0.841235804774823,0.8767210232237184,0.46272284431815414,0.008248985935171973,0.44733766785855145,0.4791765333660985,63.388,5.190413894517122,53.0,73.0,0.3833112645748579,0.00931962960978014,0.365281037064662,0.402760764883047,0.5151494968921108,0.009902880130240023,0.49551717742361634,0.5346626728926878,0.6477020515603882,0.009365832681514287,0.6289783507593987,0.6658493450112464,0.7486505288668932,0.009217332069875154,0.7311307170973469,0.7661071468621597,0.7973442327317715,0.009963977641619192,0.7780968888807457,0.8174690272197918,0.3126855338459242,0.03974723947397496,0.23508894354838708,0.3895145075116377,1.0,0.0,1.0,1.0,25006.4,2085.662731370782,21000.0,29004.999999999996,4325.754,807.7335891462203,2821.65,5920.2
0.9,0.0,0.46188,0.04728743703883413,0.37,0.55,0.04841000000000001,0.02196940041408856,0.01,0.1,0.51029,0.048140766855477427,0.42,0.6,0.9053318120766431,0.04156418766209945,0.8162672045562411,0.9795918367346939,46.188,4.728743703883413,37.0,55.0,4.841,2.196940041408856,1.0,10.0,48.971,4.814076685547742,40.0,58.0,0.8090728907543735,0.006175394104102754,0.7965463218226514,0.821274671296035,0.9127894076398806,0.005452317596798976,0.9015882637575885,0.9234924341529026,0.0,0.0,0.0,0.0,0.432604488635752,0.04408318144786605,0.3434507152566812,0.5127463893360996,0.04453671313653204,0.020178558389315704,0.00906155670594926,0.09156839374168427,0.4356482058675964,0.043435804884831425,0.3533306636954103,0.5216464358705203,0.23094,0.023643718519417066,0.185,0.275,0.0,0.0,0.0,0.0,0.7204329623077815,0.007814011892071534,0.7041522498072021,0.7349362687063169,0.8004810692308684,0.008682235435635042,0.782391388674669,0.8165958541181298,0.8430138980137999,0.0049841157729941165,0.8328532435781668,0.852552102636576,0.683622586189249,0.008737380428245374,0.6664477927612327,0.7001559734325387,0.9366821089042221,0.005537906414437909,0.9253924928646298,0.94728011404064,0.7595806513213879,0.00970820047582819,0.7404975475124809,0.7779510815917097,46.188,4.728743703883413,37.0,55.0,0.6561290831256644,0.013256242981736992,0.6302860661020512,0.6806953132496704,0.7388018271123994,0.009799391900470427,0.7175399971440023,0.7566557149236893,0.8034074375343503,0.007989046282466366,0.7871648279991883,0.8189201447439729,0.8445040473585997,0.00690422330253965,0.8297439767981919,0.856600748618384,0.8616187572054321,0.006616048987938164,0.847777343632262,0.8736449130547724,0.03869671027585346,0.01727609827867848,0.008,0.0747839887145124,0.0,0.0,0.0,0.0,0.4658348954089115,0.018025177296482627,0.4315840880907847,0.5019897388352447,0.49954154535866857,0.020008528184531676,0.46088289181871134,0.5399508951744331,0.8450502077277271,0.014210648015288225,0.8187719443357371,0.8739531815449901,0.450579739894912,0.017188698607447574,0.4165594685735043,0.48337970356186605,0.9201853907701635,0.015749097592379368,0.8903316693852631,0.953010278917699,0.48262005507411426,0.019081679221874193,0.4445378567573288,0.5181503888117409,4.841,2.196940041408856,1.0,10.0,0.3115776518053541,0.026457046820440373,0.26231938198020116,0.3640354798456019,0.4654372751641093,0.026374647245099695,0.4149117097499356,0.5155845062840485,0.6200370580592262,0.02524538049380835,0.5677896884844372,0.6666202765755115,0.7353162613802725,0.0250773151738488,0.6863434967330323,0.7812468883920657,0.7866617408167568,0.024796095538175838,0.7336469589673625,0.8316823270118913,0.07255633585222901,0.007076945762991782,0.0592680437402205,0.08649650080402238,0.0,0.0,0.0,0.0,0.5061563172993087,0.007572965853653087,0.4922730701218934,0.5212235088302442,0.49990506065479273,0.00838247864307335,0.48424596005510284,0.516682190690603,0.8609905617471576,0.006550290860735553,0.8482566448555632,0.8738400798734546,0.47839219588107934,0.007387765371833536,0.4640919483222884,0.4927923074286905,0.889514221092191,0.007340232417556972,0.8748788653797405,0.9033521044521189,0.4694202008061448,0.008211722496657237,0.45375424710102474,0.485317936048445,48.971,4.814076685547742,40.0,58.0,0.35000826594044676,0.011007520701070004,0.3291685167968855,0.37286767727481,0.5057970180602185,0.011584433451181821,0.484432483212958,0.5290472814981613,0.6624587581941911,0.010803911924852862,0.6413490501614642,0.6843424588958992,0.7800331241499756,0.010746270942058388,0.7590772328848759,0.8010126311329573,0.8345145998742833,0.010844660472408365,0.8139838265793047,0.8558164655019218,0.14275489899626886,0.023552008980948697,0.10072449254293868,0.1903295438596491,,,,,25006.4,2085.662731370782,21000.0,29004.999999999996,0.0,0.0,0.0,0.0
0.9,0.05,0.59907,0.045966814638911495,0.5,0.68,0.06541000000000001,0.025267971235743685,0.02,0.12,0.6644800000000001,0.04450292248954118,0.58,0.75,0.9016809912082165,0.0372783308178896,0.8225806451612904,0.9692424242424242,59.907,4.59668146389115,50.0,68.0,6.541,2.5267971235743687,2.0,12.0,33.552,4.450292248954118,25.0,42.0,0.8363990150113959,0.006077931238753658,0.8241219758918483,0.8484086296594929,0.9186840335696043,0.005199435604919999,0.9082249265113257,0.9288340320208718,0.15256,0.03849582221914903,0.08,0.23,0.5545570363241183,0.04266097098583229,0.4654528259037276,0.6334532602782872,0.0593295651848753,0.022901491492094198,0.018320969824860187,0.10839124496703624,0.30479743206061055,0.04052665879193207,0.22509908177213392,0.3822059739556026,0.299535,0.022983407319455747,0.25,0.34,0.07194999999999999,0.018784311282300195,0.03987500000000001,0.11,0.7642913955896242,0.007706450358275444,0.7482285233145218,0.7785092358981122,0.8004810692308684,0.008682235435635042,0.782391388674669,0.8165958541181298,0.8743216765313451,0.004221352727617832,0.8655855799278199,0.8820967998777346,0.7172444077829414,0.008928964292978181,0.6994422336777216,0.7342324981344138,0.9256990702968386,0.00551393651305967,0.9145390583437251,0.9361428437651111,0.7469382308699348,0.009921071436642417,0.7271580374196907,0.7658138868160151,59.907,4.59668146389115,50.0,68.0,0.7011290831256645,0.013256242981736992,0.6752860661020512,0.7256953132496704,0.7838018271123994,0.009799391900470428,0.7625399971440024,0.8016557149236893,0.8484074375343502,0.007989046282466366,0.8321648279991882,0.8639201447439729,0.8893772434246475,0.006667914378753355,0.8747439767981919,0.9,0.8993634474055755,0.002001839845646328,0.8927672374336282,0.9,0.05232430073460195,0.01984666094766153,0.016125806451612903,0.09449667390714091,0.006949062029690656,0.007397402472943757,0.0,0.025,0.5107298697154096,0.018001162656758846,0.47645199770209046,0.5469664818978492,0.49954154535866857,0.020008528184531676,0.46088289181871134,0.5399508951744331,0.8762562014299616,0.012510037582762876,0.8525058483180294,0.9006863705318452,0.49056892780754335,0.016871797432436553,0.4560238077524025,0.5235026998942927,0.907311302754085,0.01577517633373548,0.8782690380662981,0.9403664830728253,0.4770541670670065,0.018729626890339315,0.4390234536061837,0.5141502938211034,6.541,2.5267971235743687,2.0,12.0,0.3565776518053541,0.026457046820440373,0.3073193819802012,0.4090354798456019,0.5104372751641093,0.026374647245099712,0.45991170974993556,0.5605845062840485,0.6650370580592264,0.02524538049380835,0.6127896884844373,0.7116202765755114,0.7803162613802725,0.0250773151738488,0.7313434967330323,0.8262468883920657,0.8316617408167567,0.024796095538175838,0.7786469589673626,0.8766823270118913,0.049706933132874186,0.006532005801793076,0.037030228758169935,0.06240945393759287,0.0,0.0,0.0,0.0,0.5061563172993087,0.007572965853653087,0.4922730701218934,0.5212235088302442,0.49990506065479273,0.00838247864307335,0.48424596005510284,0.516682190690603,0.8790034497208242,0.006789887430116709,0.8659099876854833,0.8922095405187537,0.4866547227553644,0.007359143928496934,0.47233968349109157,0.5015210466508074,0.9084273064253182,0.0076357257883288695,0.8924662841828321,0.9229384187811274,0.4785378107021646,0.00817502392003918,0.46251691593215205,0.49486866056498496,33.552,4.450292248954118,25.0,42.0,0.35000826594044676,0.011007520701070004,0.3291685167968855,0.37286767727481,0.5057970180602185,0.011584433451181821,0.484432483212958,0.5290472814981613,0.6624587581941911,0.010803911924852862,0.6413490501614642,0.6843424588958992,0.7800331241499756,0.010746270942058388,0.7590772328848759,0.8010126311329573,0.8345145998742833,0.010844660472408365,0.8139838265793047,0.8558164655019218,0.1431420971270544,0.023648851536411813,0.10095752317880795,0.19072519413287314,1.0,0.0,1.0,1.0,25006.4,2085.662731370782,21000.0,29004.999999999996,12.388,14.072152695358357,0.0,48.0
0.9,0.1,0.7195,0.042428176370781605,0.63,0.8,0.08129,0.02789648927937195,0.03,0.14,0.80079,0.03860266915727545,0.72975,0.88,0.8986185815559078,0.03422348107247765,0.828890350877193,0.9615384615384616,71.95,4.24281763707816,63.0,80.0,8.129,2.7896489279371948,3.0,14.0,19.921,3.860266915727546,12.0,27.024999999999977,0.8661420449862601,0.006332737301310296,0.8525862823162388,0.8783736340550468,0.9171796846573781,0.005210313039934592,0.9062756961092876,0.9275599224360926,0.48748,0.06308430255799956,0.37,0.62,0.6593936221354461,0.03946696575636184,0.57630375958707,0.7362548203684598,0.07285538927115655,0.025007745753902206,0.026777310490973656,0.1256455134000079,0.1849306732507753,0.03576305842696639,0.11252909215251185,0.25278135622274484,0.35975,0.021214088185390802,0.315,0.4,0.22657999999999998,0.030398645984281564,0.17,0.28512499999999985,0.8027458881635932,0.007176929229023264,0.7880674870382781,0.8160833743579674,0.8004810692308684,0.008682235435635042,0.782391388674669,0.8165958541181298,0.8934380509459647,0.0022742832143232824,0.8883083188280922,0.8972828548159985,0.7517991928574089,0.009287371134015366,0.7335640000963415,0.7690933667060185,0.9164279674834527,0.005571034831997577,0.9049428199206792,0.9272150071398215,0.7353324365082321,0.010319301260017072,0.7150711112181573,0.7545481852289095,71.95,4.24281763707816,63.0,80.0,0.7461290831256645,0.013256242981736993,0.7202860661020511,0.7706953132496703,0.8288018271123995,0.009799391900470428,0.8075399971440024,0.8466557149236892,0.8924979189880488,0.00665409466376207,0.8771648279991882,0.9,0.9000000000000002,2.221557105636704e-16,0.9,0.9,0.9000000000000002,2.221557105636704e-16,0.9,0.9,0.06502471293782022,0.02169944510825049,0.024193548387096774,0.10833333333333334,0.027498304727101953,0.014877570092530192,0.0,0.05970149253731343,0.5550089096058134,0.017859535745555807,0.520525511246284,0.590855385463392,0.49954154535866857,0.020008528184531676,0.46088289181871134,0.5399508951744331,0.9006466737968196,0.007501670784017928,0.8838142717871414,0.9134458155780781,0.5309905225079774,0.016614424190072512,0.49745183619307604,0.5634554246568133,0.8963353151495208,0.01499326810401971,0.8680816751747392,0.9257518456267327,0.4719726162272833,0.01844640754337017,0.43494112527391926,0.5081181309071879,8.129,2.7896489279371948,3.0,14.0,0.4015776518053541,0.026457046820440377,0.35231938198020113,0.45403547984560194,0.5554372751641092,0.026374647245099685,0.5049117097499356,0.6055845062840485,0.7100370580592262,0.02524538049380835,0.6577896884844372,0.7566202765755113,0.8253162613802724,0.025077315173848803,0.7763434967330324,0.8712468883920657,0.8758363723871195,0.02346859062193441,0.8236469589673625,0.9118573966741319,0.029510806432516547,0.005683244553202223,0.01823639022005341,0.0406015037593985,0.0,0.0,0.0,0.0,0.5061563172993087,0.007572965853653087,0.4922730701218934,0.5212235088302442,0.49990506065479273,0.00838247864307335,0.48424596005510284,0.516682190690603,0.8987348636738325,0.007079949068913085,0.8847962142626418,0.9124864458653238,0.4942217968699456,0.007423464781797021,0.4804481360392453,0.5090455653345133,0.9284307444845528,0.007850444833386313,0.9123606468319371,0.9436107074811907,0.4868774555143742,0.008235474239064323,0.4709577402945592,0.5034616942751667,19.921,3.860266915727546,12.0,27.024999999999977,0.35000826594044676,0.011007520701070004,0.3291685167968855,0.37286767727481,0.5057970180602185,0.011584433451181821,0.484432483212958,0.5290472814981613,0.6624587581941911,0.010803911924852862,0.6413490501614642,0.6843424588958992,0.7800331241499756,0.010746270942058388,0.7590772328848759,0.8010126311329573,0.8345145998742833,0.010844660472408365,0.8139838265793047,0.8558164655019218,0.1469590613638801,0.024537941210877472,0.10287336956521739,0.1967575263157895,1.0,0.0,1.0,1.0,25006.4,2085.662731370782,21000.0,29004.999999999996,155.227,86.91957480040664,0.0,344.2499999999998
0.9,0.15,0.8086500000000001,0.03791985516079162,0.73,0.88,0.09752000000000001,0.03042655707396707,0.04,0.16,0.90617,0.028408416677775942,0.85,0.96,0.8924555187589069,0.03321619700625807,0.8222222222222222,0.9555555555555556,80.865,3.791985516079163,73.0,88.0,9.752,3.042655707396707,4.0,16.0,9.383,2.840841667777594,4.0,15.0,0.8966437493776789,0.004393947092771861,0.8853982161050826,0.9,0.9097365180071698,0.004827799643704257,0.9000227985805119,0.9187553532954975,0.85666,0.0496982325069445,0.74,0.93,0.7343255999225866,0.034800151310146264,0.664441070144836,0.7998414910867587,0.0864319941940673,0.02701730309824472,0.03560335875715761,0.1440077671352408,0.08897892389051588,0.026908213780729464,0.03783739446372709,0.14340119773723667,0.40432500000000005,0.01895992758039581,0.365,0.44,0.40195,0.03381776369219498,0.335,0.47,0.833606252833287,0.006324220146383295,0.8205586200516543,0.8454577533170705,0.8004810692308684,0.008682235435635042,0.782391388674669,0.8165958541181298,0.8998450767845525,0.0002993701703958238,0.8989505280934965,0.9000000000000007,0.7886317983620031,0.010023124154040396,0.7694090838630372,0.8083971568293453,0.9080814138593183,0.005147061660142961,0.8974625051815284,0.9176944854189675,0.7274130961569057,0.012318867262839534,0.7054753907400296,0.7537331471997032,80.865,3.791985516079163,73.0,88.0,0.7911290831256644,0.01325624298173699,0.7652860661020512,0.8156953132496704,0.8738003322532443,0.009795333203480357,0.8525399971440023,0.8916557149236893,0.9000000000000002,2.221557105636704e-16,0.9,0.9,0.9000000000000002,2.221557105636704e-16,0.9,0.9,0.9000000000000002,2.221557105636704e-16,0.9,0.9,0.07803663382418734,0.02359450244988106,0.034180790960451984,0.12504664179104474,0.060240955166984606,0.021519172219999157,0.022723000683527,0.10486197270471462,0.5980803442820416,0.017534188125754278,0.5634213522108014,0.6337553086347584,0.49954154535866857,0.020008528184531676,0.46088289181871134,0.5399508951744331,0.91400490830489,0.0028311132781054724,0.9078864634890111,0.9189523389343546,0.5713662162438529,0.016287232551362045,0.5378859432024734,0.6033983913501706,0.8862251731799131,0.0146093599972636,0.8580564210288579,0.913105498856598,0.46683676025913984,0.01808639503712341,0.43017036806246917,0.5026864959892425,9.752,3.042655707396707,4.0,16.0,0.4465776518053541,0.026457046820440373,0.39731938198020117,0.4990354798456019,0.6004372751641093,0.026374647245099702,0.5499117097499356,0.6505845062840485,0.7550370580592262,0.02524538049380835,0.7027896884844372,0.8016202765755115,0.8696525697931325,0.023908649428198925,0.8213434967330324,0.9077503116077328,0.9061349871101075,0.012621954501508964,0.8686469589673625,0.918819741933995,0.013898347921761487,0.0041933991991996685,0.005987132877102937,0.022493001988431762,0.0,0.0,0.0,0.0,0.5061563172993087,0.007572965853653087,0.4922730701218934,0.5212235088302442,0.49990506065479273,0.00838247864307335,0.48424596005510284,0.516682190690603,0.9199227497415335,0.007266672444168611,0.9047540424895043,0.9346105516262246,0.5003268660607978,0.007414884894398191,0.4861778912536011,0.5153048440120527,0.9484510324220718,0.008346343000191431,0.931148097622623,0.9645742500300902,0.4935862844778103,0.008219988950080621,0.47819151489631057,0.5103595749487806,9.383,2.840841667777594,4.0,15.0,0.35000826594044676,0.011007520701070004,0.3291685167968855,0.37286767727481,0.5057970180602185,0.011584433451181821,0.484432483212958,0.5290472814981613,0.6624587581941911,0.010803911924852862,0.6413490501614642,0.6843424588958992,0.7800331241499756,0.010746270942058388,0.7590772328848759,0.8010126311329573,0.8345145998742833,0.010844660472408365,0.8139838265793047,0.8558164655019218,0.15867697631778804,0.026890370330059293,0.10904777705132396,0.2124468755574053,1.0,0.0,1.0,1.0,25006.4,2085.662731370782,21000.0,29004.999999999996,604.069,224.50372861750685,225.0,1092.0
0.9,0.2,0.7645799999999999,0.04626190402224885,0.67,0.85,0.15175,0.038111546675384224,0.08,0.23,0.9163300000000001,0.02794659392684753,0.86,0.97,0.8342925497328847,0.04175904283176537,0.75,0.912111801242236,76.458,4.626190402224885,67.0,85.0,15.175,3.811154667538422,8.0,23.0,8.367,2.7946593926847543,3.0,14.0,0.9000000000000002,2.221557105636704e-16,0.9,0.9,0.8869101715188017,0.005158116719373006,0.8771393619486957,0.8970915639212906,0.8942100000000001,0.03139046449578696,0.83,0.95,0.6772922239695155,0.04129606602925236,0.5901089128232136,0.7555570823539837,0.13005770029016567,0.03274609718802427,0.0685765706783421,0.1958087260459637,0.07956024725912057,0.02660929812242183,0.028867234882855648,0.13424957939241225,0.38228999999999996,0.023130952011124424,0.335,0.425,0.566215,0.03545639478191388,0.49,0.63,0.856718171670323,0.005258876323079081,0.8459792319896579,0.866358126555138,0.8004810692308684,0.008682235435635042,0.782391388674669,0.8165958541181298,0.9000000000000005,2.300947676650794e-16,0.9,0.9000000000000007,0.8298514454444071,0.00877492585113419,0.8130037590877849,0.8465083502815551,0.8858281314087451,0.0055809184876872125,0.8748306325219342,0.8967486710241047,0.7474899728140263,0.014330158292313665,0.7184574530404563,0.7745975498376292,76.458,4.626190402224885,67.0,85.0,0.8361290831256645,0.01325624298173699,0.8102860661020512,0.8606953132496703,0.8997884251226232,0.0014245664131135518,0.8975312649550737,0.9,0.9000000000000002,2.221557105636704e-16,0.9,0.9,0.9000000000000002,2.221557105636704e-16,0.9,0.9,0.9000000000000002,2.221557105636704e-16,0.9,0.9,0.12144503607445395,0.02910641377443493,0.06721288515406162,0.18424235993208823,0.10373364596354559,0.027116747918801774,0.05169153868443929,0.15790570175438595,0.6394309895474892,0.01698617190344092,0.6060379043364529,0.6739392674216507,0.49954154535866857,0.020008528184531676,0.46088289181871134,0.5399508951744331,0.9151356357844899,0.0017011684233076715,0.9116998812127124,0.9183366133223092,0.6013446490531605,0.015772360000858757,0.5705504363827673,0.6327364146153562,0.8569849383671149,0.013712298437073665,0.8296861930824097,0.8829703695791226,0.45015248121067725,0.017516772470586594,0.4163367447035171,0.4856043437432574,15.175,3.811154667538422,8.0,23.0,0.4915776518053542,0.026457046820440377,0.4423193819802012,0.544035479845602,0.6454372751641093,0.026374647245099695,0.5949117097499357,0.6955845062840484,0.8000370580592263,0.025245380493808343,0.7477896884844373,0.8466202765755114,0.9023119685695229,0.013699916094182321,0.8663434967330325,0.9162060653561673,0.9162558549474958,0.0039505641047407085,0.9070773801057744,0.9216134552613908,0.01239482362727649,0.004128548192836406,0.004497582795428633,0.020897871959542614,0.0,0.0,0.0,0.0,0.5061563172993087,0.007572965853653087,0.4922730701218934,0.5212235088302442,0.49990506065479273,0.00838247864307335,0.48424596005510284,0.516682190690603,0.9226961099473429,0.006428682273953418,0.9105760072129329,0.9368153216969978,0.5009277215386995,0.007414957354963884,0.48707579403317314,0.5160216357435589,0.9508049349271329,0.007995555415505057,0.9337609477711539,0.965445430098951,0.4942460741583538,0.008218872936917193,0.4792563275441775,0.5112351285847228,8.367,2.7946593926847543,3.0,14.0,0.35000826594044676,0.011007520701070004,0.3291685167968855,0.37286767727481,0.5057970180602185,0.011584433451181821,0.484432483212958,0.5290472814981613,0.6624587581941911,0.010803911924852862,0.6413490501614642,0.6843424588958992,0.7800331241499756,0.010746270942058388,0.7590772328848759,0.8010126311329573,0.8345145998742833,0.010844660472408365,0.8139838265793047,0.8558164655019218,0.18147331586252066,0.03016690238138952,0.12378386913976117,0.2479023343809445,1.0,0.0,1.0,1.0,25006.4,2085.662731370782,21000.0,29004.999999999996,1467.632,408.03995292027366,678.0,2310.5249999999996
0.9,0.25,0.69487,0.05134997487750038,0.59,0.79,0.22146000000000002,0.04481380006958433,0.14,0.31,0.9163300000000001,0.02794659392684753,0.86,0.97,0.7581819230454203,0.049094924376869645,0.6590114858260019,0.8478669939223936,69.487,5.134997487750038,59.0,79.0,22.146,4.4813800069584335,14.0,31.0,8.367,2.7946593926847543,3.0,14.0,0.9000000000000002,2.221557105636704e-16,0.9,0.9,0.8633418717176828,0.0065695763806689735,0.8504495051771103,0.875700346737264,0.8900200000000001,0.03210343019414329,0.83,0.95,0.6010002876990159,0.044675212706333164,0.5112053461581102,0.6855796909189611,0.1827813367595465,0.037203997347816375,0.11460278465876317,0.25708327159598604,0.07956024725912057,0.02660929812242183,0.028867234882855648,0.13424957939241225,0.347435,0.02567498743875019,0.295,0.395,0.701455,0.03360263549354591,0.63,0.765,0.873057428049094,0.00416081213414881,0.8646094675343386,0.8809959540590823,0.8004810692308684,0.008682235435635042,0.782391388674669,0.8165958541181298,0.9000000000000002,1.9994013950730334e-16,0.8999999999999999,0.9000000000000006,0.8586613785327568,0.006504600179260187,0.8459578884315722,0.8708721677185618,0.8649128201687084,0.007423293703754488,0.850658968049909,0.8789965360380869,0.7660539604079359,0.013029167388997905,0.7406535137849494,0.7905842271383178,69.487,5.134997487750038,59.0,79.0,0.8807597445722699,0.012573278317172167,0.8552860661020512,0.9,0.9000000000000002,2.221557105636704e-16,0.9,0.9,0.9000000000000002,2.221557105636704e-16,0.9,0.9,0.9000000000000002,2.221557105636704e-16,0.9,0.9,0.9000000000000002,2.221557105636704e-16,0.9,0.9,0.177308932583796,0.03371741468817474,0.11449209856702826,0.24444844124700238,0.1562456836025986,0.03290616975676343,0.096,0.22309701492537312,0.6786230795420523,0.0162145010847701,0.6466301867841824,0.7113572026959408,0.49954154535866857,0.020008528184531676,0.46088289181871134,0.5399508951744331,0.9153903137039311,0.0013719832766154177,0.9125832447667066,0.9179277364001776,0.627616922468198,0.015407654673868969,0.5970090303474561,0.6578965150674797,0.8252649432350925,0.014014789298326127,0.7978700566509579,0.8529904461423299,0.42935586864044106,0.01710520983203182,0.3958939943359111,0.4633478558231942,22.146,4.4813800069584335,14.0,31.0,0.5365776518053542,0.026457046820440373,0.48731938198020125,0.5890354798456019,0.6904372751641092,0.02637464724509969,0.6399117097499357,0.7405845062840485,0.8449698590433592,0.025071013515979054,0.7927896884844372,0.8916202765755115,0.9137312846307041,0.004377609773445583,0.9049036250786378,0.9194167962800122,0.9195404038435085,0.0021427792905182818,0.9143506503113195,0.922689956976334,0.01239482362727649,0.004128548192836406,0.004497582795428633,0.020897871959542614,0.0,0.0,0.0,0.0,0.5061563172993087,0.007572965853653087,0.4922730701218934,0.5212235088302442,0.49990506065479273,0.00838247864307335,0.48424596005510284,0.516682190690603,0.9226961099473429,0.006428682273953418,0.9105760072129329,0.9368153216969978,0.5009277215386995,0.007414957354963884,0.48707579403317314,0.5160216357435589,0.9508049349271329,0.007995555415505057,0.9337609477711539,0.965445430098951,0.4942460741583538,0.008218872936917193,0.4792563275441775,0.5112351285847228,8.367,2.7946593926847543,3.0,14.0,0.35000826594044676,0.011007520701070004,0.3291685167968855,0.37286767727481,0.5057970180602185,0.011584433451181821,0.484432483212958,0.5290472814981613,0.6624587581941911,0.010803911924852862,0.6413490501614642,0.6843424588958992,0.7800331241499756,0.010746270942058388,0.7590772328848759,0.8010126311329573,0.8345145998742833,0.010844660472408365,0.8139838265793047,0.8558164655019218,0.21711575304601125,0.03372428496716571,0.15577150314116778,0.2824083262211134,1.0,0.0,1.0,1.0,25006.4,2085.662731370782,21000.0,29004.999999999996,2736.244,612.9118120523974,1668.0,3969.1749999999997
0.9,0.3,0.61881,0.0576524735610512,0.51,0.73,0.29752,0.05240988834558223,0.19975000000000004,0.4,0.9163300000000001,0.02794659392684753,0.86,0.97,0.6751303883275883,0.05754479463341468,0.5651827012025902,0.7872340425531915,61.881,5.76524735610512,51.0,73.0,29.752,5.240988834558223,19.975,40.0,8.367,2.7946593926847543,3.0,14.0,0.9000000000000002,2.221557105636704e-16,0.9,0.9,0.8404011963875381,0.008170967526137083,0.8251649655670459,0.8565356362712272,0.8877,0.03341296793800915,0.82,0.95,0.5243423241628832,0.049224909822645546,0.42547088652676046,0.6168232216382855,0.23649862496553434,0.04192178838672388,0.15432432717883787,0.31832508721025254,0.07956024725912057,0.02660929812242183,0.028867234882855648,0.13424957939241225,0.309405,0.0288262367805256,0.255,0.365,0.8046850000000001,0.028008217280563116,0.75,0.855,0.8840538103246148,0.003150729018268506,0.8776002753643575,0.8901247967884856,0.8004810692308684,0.008682235435635042,0.782391388674669,0.8165958541181298,0.9000000000000002,2.391658674102162e-16,0.8999999999999999,0.9000000000000002,0.8768800815219958,0.004608763797410125,0.8676000249135046,0.8858036785351414,0.8473348282779991,0.009383723112323257,0.828882057714669,0.8650359897147794,0.779404414840904,0.011787038205051822,0.7560471908251187,0.8009308946796033,61.881,5.76524735610512,51.0,73.0,0.8998897306139889,0.0008345482467236087,0.8995149209262085,0.9,0.9000000000000002,2.221557105636704e-16,0.9,0.9,0.9000000000000002,2.221557105636704e-16,0.9,0.9,0.9000000000000002,2.221557105636704e-16,0.9,0.9,0.9000000000000002,2.221557105636704e-16,0.9,0.9,0.23815284219744928,0.038351567376430404,0.16387452711223202,0.3135715786524723,0.21523884407792274,0.03691896997559772,0.144,0.2868232939382387,0.715284013176798,0.015264967265248426,0.6845554797580351,0.7458795903291953,0.49954154535866857,0.020008528184531676,0.46088289181871134,0.5399508951744331,0.9155609233252398,0.0011485232295533566,0.9132805513491863,0.9177931343174771,0.6527016710509065,0.014690689845240995,0.6253405527087266,0.6814628657388068,0.7948956738799725,0.014203619287105588,0.7673587295243137,0.8234404852542827,0.4072431146629766,0.01629038332745102,0.3771332513983296,0.4396567488810416,29.752,5.240988834558223,19.975,40.0,0.5815776518053543,0.026457046820440373,0.5323193819802012,0.6340354798456019,0.7354372751641092,0.026374647245099695,0.6849117097499356,0.7855845062840485,0.886151191719202,0.020166869990304866,0.8377896884844372,0.9100971335011661,0.9173600869394786,0.0022817837432557546,0.9122274561029411,0.9209881221803181,0.9210889161688255,0.001449474856656459,0.9178658248829702,0.9232624579085594,0.01239482362727649,0.004128548192836406,0.004497582795428633,0.020897871959542614,0.0,0.0,0.0,0.0,0.5061563172993087,0.007572965853653087,0.4922730701218934,0.5212235088302442,0.49990506065479273,0.00838247864307335,0.48424596005510284,0.516682190690603,0.9226961099473429,0.006428682273953418,0.9105760072129329,0.9368153216969978,0.5009277215386995,0.007414957354963884,0.48707579403317314,0.5160216357435589,0.9508049349271329,0.007995555415505057,0.9337609477711539,0.965445430098951,0.4942460741583538,0.008218872936917193,0.4792563275441775,0.5112351285847228,8.367,2.7946593926847543,3.0,14.0,0.35000826594044676,0.011007520701070004,0.3291685167968855,0.37286767727481,0.5057970180602185,0.011584433451181821,0.484432483212958,0.5290472814981613,0.6624587581941911,0.010803911924852862,0.6413490501614642,0.6843424588958992,0.7800331241499756,0.010746270942058388,0.7590772328848759,0.8010126311329573,0.8345145998742833,0.010844660472408365,0.8139838265793047,0.8558164655019218,0.26315358049325405,0.037847350071764596,0.18943267276422765,0.33614776972094046,1.0,0.0,1.0,1.0,25006.4,2085.662731370782,21000.0,29004.999999999996,4325.754,807.7335891462203,2821.65,5920.2
