mode,delta,v_mean,v_std,v_ci_low,v_ci_high,w_weak_mean,w_weak_std,w_weak_ci_low,w_weak_ci_high,e_weak_context_mean,e_weak_context_std,e_weak_context_ci_low,e_weak_context_ci_high,s_veto_given_weak_mean,s_veto_given_weak_std,s_veto_given_weak_ci_low,s_veto_given_weak_ci_high,n_veto_topk_mean,n_veto_topk_std,n_veto_topk_ci_low,n_veto_topk_ci_high,n_weak_nv_topk_mean,n_weak_nv_topk_std,n_weak_nv_topk_ci_low,n_weak_nv_topk_ci_high,n_normal_topk_mean,n_normal_topk_std,n_normal_topk_ci_low,n_normal_topk_ci_high,p_threshold_mean,p_threshold_std,p_threshold_ci_low,p_threshold_ci_high,mean_R_topk_mean,mean_R_topk_std,mean_R_topk_ci_low,mean_R_topk_ci_high,frac_Rprime1_topk_mean,frac_Rprime1_topk_std,frac_Rprime1_topk_ci_low,frac_Rprime1_topk_ci_high,contrib_veto_R_mean,contrib_veto_R_std,contrib_veto_R_ci_low,contrib_veto_R_ci_high,contrib_weak_nv_R_mean,contrib_weak_nv_R_std,contrib_weak_nv_R_ci_low,contrib_weak_nv_R_ci_high,contrib_normal_R_mean,contrib_normal_R_std,contrib_normal_R_ci_low,contrib_normal_R_ci_high,veto_inclusion_mean,veto_inclusion_std,veto_inclusion_ci_low,veto_inclusion_ci_high,veto_frac_sat_mean,veto_frac_sat_std,veto_frac_sat_ci_low,veto_frac_sat_ci_high,veto_mean_P_all_mean,veto_mean_P_all_std,veto_mean_P_all_ci_low,veto_mean_P_all_ci_high,veto_mean_R_orig_all_mean,veto_mean_R_orig_all_std,veto_mean_R_orig_all_ci_low,veto_mean_R_orig_all_ci_high,veto_mean_P_sel_mean,veto_mean_P_sel_std,veto_mean_P_sel_ci_low,veto_mean_P_sel_ci_high,veto_mean_P_nsel_mean,veto_mean_P_nsel_std,veto_mean_P_nsel_ci_low,veto_mean_P_nsel_ci_high,veto_mean_R_orig_sel_mean,veto_mean_R_orig_sel_std,veto_mean_R_orig_sel_ci_low,veto_mean_R_orig_sel_ci_high,veto_mean_R_orig_nsel_mean,veto_mean_R_orig_nsel_std,veto_mean_R_orig_nsel_ci_low,veto_mean_R_orig_nsel_ci_high,veto_count_topk_mean,veto_count_topk_std,veto_count_topk_ci_low,veto_count_topk_ci_high,veto_P_q25_mean,veto_P_q25_std,veto_P_q25_ci_low,veto_P_q25_ci_high,veto_P_q50_mean,veto_P_q50_std,veto_P_q50_ci_low,veto_P_q50_ci_high,veto_P_q75_mean,veto_P_q75_std,veto_P_q75_ci_low,veto_P_q75_ci_high,veto_P_q90_mean,veto_P_q90_std,veto_P_q90_ci_low,veto_P_q90_ci_high,veto_P_q95_mean,veto_P_q95_std,veto_P_q95_ci_low,veto_P_q95_ci_high,weak_nv_inclusion_mean,weak_nv_inclusion_std,weak_nv_inclusion_ci_low,weak_nv_inclusion_ci_high,weak_nv_frac_sat_mean,weak_nv_frac_sat_std,weak_nv_frac_sat_ci_low,weak_nv_frac_sat_ci_high,weak_nv_mean_P_all_mean,weak_nv_mean_P_all_std,weak_nv_mean_P_all_ci_low,weak_nv_mean_P_all_ci_high,weak_nv_mean_R_orig_all_mean,weak_nv_mean_R_orig_all_std,weak_nv_mean_R_orig_all_ci_low,weak_nv_mean_R_orig_all_ci_high,weak_nv_mean_P_sel_mean,weak_nv_mean_P_sel_std,weak_nv_mean_P_sel_ci_low,weak_nv_mean_P_sel_ci_high,weak_nv_mean_P_nsel_mean,weak_nv_mean_P_nsel_std,weak_nv_mean_P_nsel_ci_low,weak_nv_mean_P_nsel_ci_high,weak_nv_mean_R_orig_sel_mean,weak_nv_mean_R_orig_sel_std,weak_nv_mean_R_orig_sel_ci_low,weak_nv_mean_R_orig_sel_ci_high,weak_nv_mean_R_orig_nsel_mean,weak_nv_mean_R_orig_nsel_std,weak_nv_mean_R_orig_nsel_ci_low,weak_nv_mean_R_orig_nsel_ci_high,weak_nv_count_topk_mean,weak_nv_count_topk_std,weak_nv_count_topk_ci_low,weak_nv_count_topk_ci_high,weak_nv_P_q25_mean,weak_nv_P_q25_std,weak_nv_P_q25_ci_low,weak_nv_P_q25_ci_high,weak_nv_P_q50_mean,weak_nv_P_q50_std,weak_nv_P_q50_ci_low,weak_nv_P_q50_ci_high,weak_nv_P_q75_mean,weak_nv_P_q75_std,weak_nv_P_q75_ci_low,weak_nv_P_q75_ci_high,weak_nv_P_q90_mean,weak_nv_P_q90_std,weak_nv_P_q90_ci_low,weak_nv_P_q90_ci_high,weak_nv_P_q95_mean,weak_nv_P_q95_std,weak_nv_P_q95_ci_low,weak_nv_P_q95_ci_high,normal_inclusion_mean,normal_inclusion_std,normal_inclusion_ci_low,normal_inclusion_ci_high,normal_frac_sat_mean,normal_frac_sat_std,normal_frac_sat_ci_low,normal_frac_sat_ci_high,normal_mean_P_all_mean,normal_mean_P_all_std,normal_mean_P_all_ci_low,normal_mean_P_all_ci_high,normal_mean_R_orig_all_mean,normal_mean_R_orig_all_std,normal_mean_R_orig_all_ci_low,normal_mean_R_orig_all_ci_high,normal_mean_P_sel_mean,normal_mean_P_sel_std,normal_mean_P_sel_ci_low,normal_mean_P_sel_ci_high,normal_mean_P_nsel_mean,normal_mean_P_nsel_std,normal_mean_P_nsel_ci_low,normal_mean_P_nsel_ci_high,normal_mean_R_orig_sel_mean,normal_mean_R_orig_sel_std,normal_mean_R_orig_sel_ci_low,normal_mean_R_orig_sel_ci_high,normal_mean_R_orig_nsel_mean,normal_mean_R_orig_nsel_std,normal_mean_R_orig_nsel_ci_low,normal_mean_R_orig_nsel_ci_high,normal_count_topk_mean,normal_count_topk_std,normal_count_topk_ci_low,normal_count_topk_ci_high,normal_P_q25_mean,normal_P_q25_std,normal_P_q25_ci_low,normal_P_q25_ci_high,normal_P_q50_mean,normal_P_q50_std,normal_P_q50_ci_low,normal_P_q50_ci_high,normal_P_q75_mean,normal_P_q75_std,normal_P_q75_ci_low,normal_P_q75_ci_high,normal_P_q90_mean,normal_P_q90_std,normal_P_q90_ci_low,normal_P_q90_ci_high,normal_P_q95_mean,normal_P_q95_std,normal_P_q95_ci_low,normal_P_q95_ci_high,pairwise_weak_gt_veto_mean,pairwise_weak_gt_veto_std,pairwise_weak_gt_veto_ci_low,pairwise_weak_gt_veto_ci_high,pairwise_sat_weak_gt_veto_mean,pairwise_sat_weak_gt_veto_std,pairwise_sat_weak_gt_veto_ci_low,pairwise_sat_weak_gt_veto_ci_high,n_veto_weak_pairs_mean,n_veto_weak_pairs_std,n_veto_weak_pairs_ci_low,n_veto_weak_pairs_ci_high,n_sat_pairs_mean,n_sat_pairs_std,n_sat_pairs_ci_low,n_sat_pairs_ci_high
clipped,0.0,0.07748000000000002,0.03595194211919771,0.02,0.15,0.02851,0.016660055745928867,0.0,0.06,0.10599000000000001,0.03943063117266416,0.039750000000000014,0.19,0.7151891783606381,0.16886265644602244,0.3333333333333333,1.0,7.748,3.5951942119197704,2.0,15.0,2.851,1.6660055745928866,0.0,6.0,89.401,3.943063117266416,81.0,96.02499999999998,0.7239368757481967,0.005924010147132053,0.7122908609888099,0.7358245535207217,0.8502395437426117,0.007968103239384421,0.8353422132994193,0.866130931328862,0.0,0.0,0.0,0.0,0.07556063242550073,0.03483344495041059,0.019452944079407175,0.14626084860640529,0.02665582802115925,0.015564205701114213,0.0,0.05704838460781106,0.7480230832959517,0.03632475792698825,0.67448264417855,0.8144706667872511,0.03874000000000001,0.017975971059598854,0.01,0.075,0.0,0.0,0.0,0.0,0.6003608019231512,0.006511676576726282,0.5867935415060017,0.6124468905885974,0.8004810692308684,0.008682235435635042,0.782391388674669,0.8165958541181298,0.732560977937005,0.004567991917434263,0.7238728238189772,0.7416003175870464,0.5950549055355043,0.0067632052749303185,0.5811293150074238,0.6076063554514263,0.9767479705826735,0.006090655889912344,0.9651637650919698,0.9888004234493953,0.7934065407140057,0.009017607033240425,0.7748390866765651,0.8101418072685687,7.748,3.5951942119197704,2.0,15.0,0.5467742359380537,0.011046869151447493,0.525238388418376,0.5672460943747252,0.6156681892603328,0.008166159917058692,0.5979499976200019,0.6305464291030745,0.6695061979452919,0.0066575385687219725,0.6559706899993235,0.6824334539533107,0.7037533727988332,0.005753519418783043,0.6914533139984932,0.7138339571819866,0.7180156310045268,0.0055133741566151355,0.7064811196935517,0.7280374275456437,0.022788260559054387,0.013233149583732486,0.0,0.05043085030622409,0.0,0.0,0.0,0.0,0.41527492048427594,0.015090458665306406,0.38658449069737666,0.44561905187411677,0.49954154535866846,0.020008528184531686,0.4608828918187113,0.5399508951744331,0.7480656605836841,0.012577754326992466,0.7253187698855318,0.7755556615716143,0.40752452160736136,0.014583000807909243,0.3777511406919754,0.43586706164346056,0.9354593563570954,0.017910065702674404,0.9014596613794371,0.9728578889293,0.4893951423613603,0.019353820222003222,0.45126996114948514,0.5276714808750491,2.851,1.6660055745928866,0.0,6.0,0.2864162766235671,0.021940978530004606,0.24667743777733583,0.33092093646407394,0.414938903406966,0.02203412105664192,0.37321267655956236,0.45901080981755243,0.5441862099735651,0.02129156625379352,0.5013623178346621,0.5836371946997099,0.6404115156237704,0.020997688008029897,0.5997968289503611,0.6797804025637528,0.6834518106504043,0.02096656917463914,0.6399079592608751,0.7211148601787246,0.13246689373220916,0.005826401419346105,0.11982093505297088,0.14329332629912944,0.0,0.0,0.0,0.0,0.5155332022660825,0.006513086053264153,0.5031074130995915,0.5285166630438372,0.49990506065479273,0.008382478643073359,0.48424596005510284,0.516682190690603,0.789997383517996,0.0065106589389511554,0.7786388257537888,0.8033470317744552,0.47361796294826836,0.006316465469373929,0.4618371867731813,0.4863646194604941,0.8365787887034278,0.00885283446280664,0.8196735190748319,0.8530982723328896,0.4484911564881433,0.008336779668318337,0.4331102046282994,0.46516182225946473,89.401,3.943063117266416,81.0,96.02499999999998,0.38331126457485787,0.009319629609780139,0.365281037064662,0.402760764883047,0.5151494968921108,0.009902880130240026,0.49551717742361634,0.5346626728926878,0.6477020515603882,0.009365832681514287,0.6289783507593987,0.6658493450112464,0.7486505288668932,0.009217332069875154,0.7311307170973469,0.7661071468621597,0.7973442327317715,0.009963977641619192,0.7780968888807457,0.8174690272197918,0.17907015830665032,0.026805460515452257,0.12866538461538454,0.23256095242584207,,,,,25006.4,2085.662731370782,21000.0,29004.999999999996,0.0,0.0,0.0,0.0
clipped,0.05,0.20864000000000002,0.045217198000263074,0.12,0.3,0.04724000000000001,0.021453266479551376,0.01,0.09,0.25588,0.047538252865302964,0.16,0.36,0.8136163961273628,0.08224861613599514,0.636244019138756,0.958375,20.864,4.5217198000263075,12.0,30.0,4.724,2.1453266479551374,1.0,9.0,74.412,4.7538252865302955,64.0,84.0,0.7409573410893229,0.004986335731887824,0.7304429125791299,0.75,0.8754462853139396,0.007478453314518418,0.8617490442115238,0.8890090931402697,0.15067,0.037574764975485384,0.08,0.23,0.20016614572110727,0.04306477538754516,0.11533442544515202,0.2871017280739657,0.043378034655013546,0.01967667741004506,0.009001230584274147,0.08335443889647905,0.6319021049378186,0.04227151688373126,0.549369468229472,0.71497520329187,0.10432000000000001,0.022608599000131537,0.06,0.15,0.07194999999999999,0.018784311282300195,0.03987500000000001,0.11,0.6369094963246869,0.006422041965229535,0.6235237694287682,0.6487576965817601,0.8004810692308684,0.008682235435635042,0.782391388674669,0.8165958541181298,0.7481633923919674,0.0015982676293203532,0.7440996922150663,0.75,0.6239351622852496,0.006985457598008137,0.610087707402461,0.6372558054091431,0.9597581399933008,0.005272496559438025,0.9494720185272939,0.9700034334167417,0.7819311885493802,0.009330476577127352,0.7634502765366146,0.7996744072121906,20.864,4.5217198000263075,12.0,30.0,0.5842742359380537,0.011046869151447489,0.5627383884183761,0.6047460943747253,0.6531681892603328,0.008166159917058689,0.635449997620002,0.6680464291030745,0.7070061979452918,0.00665753856872197,0.6934706899993236,0.7199334539533108,0.741147702853873,0.005556595315627794,0.7289533139984933,0.75,0.749469539504646,0.0016681998713719357,0.7439726978613568,0.75,0.0377452528860335,0.016826349586001446,0.0079365079365079,0.07378573364042804,0.006949062029690632,0.0073974024729437406,0.0,0.025,0.4526873990730244,0.015070230437716122,0.4239872223386284,0.4827636568441434,0.49954154535866846,0.020008528184531686,0.4608828918187113,0.5399508951744331,0.7692137842565854,0.010593331619836025,0.7471739631252208,0.7901329674019227,0.4402756691553434,0.014371483479830194,0.4114941391751796,0.4687784572480115,0.9183598078121276,0.016965658483883348,0.8848456999940583,0.9509634258810631,0.48312358186417,0.01909078182684234,0.4445472448522955,0.5210734797878628,4.724,2.1453266479551374,1.0,9.0,0.3239162766235671,0.021940978530004603,0.28417743777733584,0.368420936464074,0.452438903406966,0.022034121056641934,0.4107126765595624,0.4965108098175524,0.5816862099735651,0.02129156625379352,0.5388623178346622,0.62113719469971,0.6779115156237705,0.020997688008029897,0.6372968289503612,0.7172804025637529,0.7209315529163196,0.02092344378904092,0.6774079592608752,0.7586148601787247,0.11025262889085682,0.006954051951394684,0.0960051384392972,0.12407759963082914,0.0,0.0,0.0,0.0,0.5155332022660825,0.006513086053264153,0.5031074130995915,0.5285166630438372,0.49990506065479273,0.008382478643073359,0.48424596005510284,0.516682190690603,0.8017265588680823,0.006307478508506204,0.7895942699301214,0.8140623201068603,0.4800618923392704,0.006266751506036884,0.46806569922309166,0.49339152604784353,0.8490734179465655,0.0087016347182827,0.8322916568252227,0.8651939218605197,0.45663177429779317,0.008267744421706356,0.44130289145164253,0.47318152250786694,74.412,4.7538252865302955,64.0,84.0,0.38331126457485787,0.009319629609780139,0.365281037064662,0.402760764883047,0.5151494968921108,0.009902880130240026,0.49551717742361634,0.5346626728926878,0.6477020515603882,0.009365832681514287,0.6289783507593987,0.6658493450112464,0.7486505288668932,0.009217332069875154,0.7311307170973469,0.7661071468621597,0.7973442327317715,0.009963977641619192,0.7780968888807457,0.8174690272197918,0.17967642538378448,0.026952344463378283,0.12895942460317453,0.2331872287849565,1.0,0.0,1.0,1.0,25006.4,2085.662731370782,21000.0,29004.999999999996,12.388,14.072152695358357,0.0,48.0
clipped,0.1,0.25055,0.07775759605172823,0.08,0.39,0.08002000000000001,0.028460667764646876,0.03,0.14,0.33057000000000003,0.07284834920560644,0.18,0.46,0.7434500719543408,0.1172169257325555,0.45,0.918918918918919,25.055,7.775759605172825,8.0,39.0,8.002,2.8460667764646876,3.0,14.0,66.943,7.284834920560645,54.0,82.0,0.7499815686659086,0.0001936803517288686,0.75,0.75,0.8795108129028897,0.008266884180487634,0.8616383303253129,0.8955041398933742,0.28467000000000003,0.07541603727774801,0.12,0.42,0.23493966156209672,0.07294349894120272,0.07534118040202487,0.3669478969171946,0.0716388978459454,0.025482754012308262,0.02660732102344788,0.12490724153829556,0.5729322534948473,0.062720289112707,0.4593211066207604,0.7018869976612181,0.125275,0.038878798025864116,0.04,0.195,0.22657999999999998,0.030398645984281564,0.17,0.28512499999999985,0.6689549068029942,0.005980774357519386,0.6567229058652317,0.6800694786316394,0.8004810692308684,0.008682235435635042,0.782391388674669,0.8165958541181298,0.7499994300123556,7.482552903564706e-06,0.75,0.75,0.6571841784522937,0.007764732461366011,0.6415161019522402,0.6711217001740598,0.9376205993669692,0.0054645007824815905,0.9265051310609538,0.9480475284071463,0.7805493395573797,0.01171727491903105,0.7580635873750129,0.8020320674836566,25.055,7.775759605172825,8.0,39.0,0.6217742359380537,0.01104686915144749,0.600238388418376,0.6422460943747252,0.6906681892603328,0.00816615991705869,0.6729499976200018,0.7055464291030744,0.7437482658233739,0.005545078886468392,0.7309706899993236,0.75,0.75,0.0,0.75,0.75,0.75,0.0,0.75,0.75,0.06401980599308175,0.022270697119427717,0.0236220472440944,0.10834239130434778,0.02749830472710191,0.01487757009253019,0.0,0.0597014925373134,0.4895865989816943,0.014952440230770058,0.4611359292241347,0.519460691545108,0.49954154535866846,0.020008528184531686,0.4608828918187113,0.5399508951744331,0.7797851167553462,0.006822718934080177,0.7671935025573551,0.7929491148227993,0.4697470370049906,0.013896794698000864,0.4415911874773592,0.4969905561098521,0.8953499246898688,0.01553794505416026,0.8672853645011979,0.9273521655826724,0.472489162013503,0.018468921442504137,0.43435145291453736,0.5088161782565703,8.002,2.8460667764646876,3.0,14.0,0.3614162766235671,0.021940978530004606,0.3216774377773358,0.40592093646407407,0.489938903406966,0.022034121056641924,0.4482126765595624,0.5340108098175523,0.6191862099735651,0.021291566253793515,0.5763623178346621,0.6586371946997098,0.7153951001368956,0.020960105895833924,0.6747968289503611,0.7547494771776284,0.7564669434775875,0.01868870142245369,0.7149079592608751,0.7866889016840144,0.09918147160315391,0.010708377134598214,0.07957830805768942,0.12227288618583358,0.0,0.0,0.0,0.0,0.5155332022660825,0.006513086053264153,0.5031074130995915,0.5285166630438372,0.49990506065479273,0.008382478643073359,0.48424596005510284,0.516682190690603,0.8082845094525296,0.005446436174634341,0.7978728411824171,0.8186594097535252,0.4832991864086259,0.0060198752989306745,0.47180753524578123,0.4953803275800026,0.8558307889749861,0.008069261513126386,0.8401461510373726,0.8715355875079402,0.46071577697481636,0.007929691738246739,0.4457332660496586,0.4761728123133242,66.943,7.284834920560645,54.0,82.0,0.38331126457485787,0.009319629609780139,0.365281037064662,0.402760764883047,0.5151494968921108,0.009902880130240026,0.49551717742361634,0.5346626728926878,0.6477020515603882,0.009365832681514287,0.6289783507593987,0.6658493450112464,0.7486505288668932,0.009217332069875154,0.7311307170973469,0.7661071468621597,0.7973442327317715,0.009963977641619192,0.7780968888807457,0.8174690272197918,0.1846715075984115,0.027939977822154103,0.13249737394957983,0.24139233193277304,1.0,0.0,1.0,1.0,25006.4,2085.662731370782,21000.0,29004.999999999996,155.227,86.91957480040664,0.0,344.2499999999998
clipped,0.15,0.19569,0.07914282966565883,0.03,0.35,0.13518,0.03633852071959023,0.07,0.21,0.33087,0.07291817441598604,0.18,0.47,0.5691748842029503,0.16061158865342506,0.1428571428571428,0.7954545454545454,19.569,7.914282966565883,3.0,35.0,13.518,3.633852071959023,7.0,21.0,66.913,7.291817441598603,53.0,82.0,0.7500226101646358,0.0002751815236868967,0.75,0.75,0.8676229515779381,0.00721105810240333,0.8531142646410743,0.8814756178434238,0.27099,0.07518226035623213,0.11,0.41,0.17816277645009843,0.07208503464473054,0.02704201657221349,0.31800728798285405,0.11677276773101246,0.03144679424370766,0.05964501172588624,0.18247800367544773,0.5726874073968272,0.06276846436068567,0.45735956301888747,0.7014228378422946,0.097845,0.039571414832829416,0.015,0.175,0.40195,0.03381776369219498,0.335,0.47,0.6946718773610725,0.005270183455319413,0.6837988500430451,0.7045481277642253,0.8004810692308684,0.008682235435635042,0.782391388674669,0.8165958541181298,0.75,0.0,0.75,0.75,0.6885679034378533,0.006297124674782373,0.6761118192407211,0.7001612954383681,0.9103057736387775,0.00998905907572772,0.8908357426206502,0.9288645564663366,0.7883466598557177,0.01069949059177669,0.76713571026822,0.8073234344955306,19.569,7.914282966565883,3.0,35.0,0.6592742359380537,0.011046869151447493,0.637738388418376,0.6797460943747252,0.7281669435443703,0.008162777669566966,0.7104499976200019,0.7430464291030745,0.75,0.0,0.75,0.75,0.75,0.0,0.75,0.75,0.75,0.0,0.75,0.75,0.10815649171409646,0.02783791419350117,0.05689909520062937,0.16532369146005507,0.060240955166984564,0.02151917221999916,0.02272300068352697,0.10486197270471456,0.5254794612118844,0.014681494270004442,0.4971681952590463,0.5549961056283924,0.49954154535866846,0.020008528184531686,0.4608828918187113,0.5399508951744331,0.7823622386517656,0.005119038715507697,0.7719699596403579,0.7919599266217644,0.4943397805184312,0.013353587621140674,0.46834513714227355,0.5209359022570265,0.8637802440618751,0.014436664738752181,0.8345344542049852,0.8920609759492453,0.4553866192847751,0.017760218386579586,0.4208234490242061,0.4916802738567424,13.518,3.633852071959023,7.0,21.0,0.3989162766235671,0.021940978530004603,0.3591774377773358,0.443420936464074,0.5274389034069661,0.02203412105664193,0.4857126765595624,0.5715108098175524,0.6566862099735652,0.02129156625379352,0.6138623178346622,0.6961371946997099,0.7507392510762975,0.01832230048916546,0.7122968289503612,0.7796560142954332,0.7808707442509272,0.011824479816724577,0.752006532503858,0.798249086254115,0.09913684993192891,0.010716860239812828,0.07894642452616474,0.12227288618583358,0.0,0.0,0.0,0.0,0.5155332022660825,0.006513086053264153,0.5031074130995915,0.5285166630438372,0.49990506065479273,0.008382478643073359,0.48424596005510284,0.516682190690603,0.8083128631021607,0.005450875400963402,0.7978728411824171,0.8186594097535252,0.4833123263747326,0.006021167121617398,0.47180753524578123,0.4953897948497168,0.8558510897226358,0.008068161966567842,0.8401461510373726,0.8715355875079402,0.4607332925354358,0.007931232755043963,0.4457332660496586,0.4761728123133242,66.913,7.291817441598603,53.0,82.0,0.38331126457485787,0.009319629609780139,0.365281037064662,0.402760764883047,0.5151494968921108,0.009902880130240026,0.49551717742361634,0.5346626728926878,0.6477020515603882,0.009365832681514287,0.6289783507593987,0.6658493450112464,0.7486505288668932,0.009217332069875154,0.7311307170973469,0.7661071468621597,0.7973442327317715,0.009963977641619192,0.7780968888807457,0.8174690272197918,0.1986930523455187,0.030020964978109688,0.14183246153846152,0.26196541927899675,1.0,0.0,1.0,1.0,25006.4,2085.662731370782,21000.0,29004.999999999996,604.069,224.50372861750685,225.0,1092.0
clipped,0.2,0.13133,0.0761020539973963,0.0,0.28,0.20153000000000004,0.04275028288428846,0.13,0.29,0.33286,0.06976307968608673,0.2,0.47,0.3695990009271108,0.17909242347431314,0.0,0.6452484742807323,13.133,7.61020539973963,0.0,28.0,20.153,4.275028288428845,13.0,29.0,66.714,6.9763079686086735,53.0,80.0,0.750279621525401,0.0012718818271310712,0.75,0.7549582242483142,0.8553023810960839,0.006864856032230172,0.8423474917694581,0.8681654790103958,0.26089,0.07078642962191707,0.12,0.4,0.11638158713880484,0.06748282869774674,0.0,0.24611173948173407,0.16780882801676766,0.035820695541515624,0.10488930406971982,0.2397037646023045,0.5711119659405113,0.06025009768341036,0.45735956301888747,0.6854143064431558,0.065665,0.03805102699869815,0.0,0.14,0.566215,0.03545639478191388,0.49,0.63,0.713931809725269,0.004382396935899232,0.7049826933247149,0.7219651054626149,0.8004810692308684,0.008682235435635042,0.782391388674669,0.8165958541181298,0.75,0.0,0.75,0.75,0.7113445393533452,0.0048552940840401945,0.7018377885711314,0.7203276716864534,0.8860155179555033,0.017779994005993584,0.8537930958515073,0.9193833924008685,0.7943287263568054,0.009764443864436746,0.7744878156447178,0.8123913514091774,13.133,7.61020539973963,0.0,28.0,0.6967742359380539,0.011046869151447493,0.675238388418376,0.7172460943747252,0.7498236876021859,0.0011871386775946277,0.7479427207958947,0.75,0.75,0.0,0.75,0.75,0.75,0.0,0.75,0.75,0.75,0.0,0.75,0.75,0.16136700703703605,0.032403969906377984,0.1031746031746031,0.2276422764227642,0.10373364596354553,0.027116747918801774,0.05169153868443921,0.1579057017543859,0.5599383322664241,0.0142252104502957,0.5315417623231072,0.5887603507919215,0.49954154535866846,0.020008528184531686,0.4608828918187113,0.5399508951744331,0.7840157721578519,0.004080359489236398,0.7757973262555923,0.7919130322033405,0.5168335482415904,0.013087768179949453,0.4906546236677414,0.542254560987659,0.8325251486350332,0.014314365236396464,0.8048867693439812,0.8602719131115675,0.43547152783205345,0.01737097680009183,0.4007234445264312,0.46954554123511094,20.153,4.275028288428845,13.0,29.0,0.43641627662356713,0.021940978530004603,0.39667743777733583,0.48092093646407397,0.564938903406966,0.022034121056641924,0.5232126765595624,0.6090108098175524,0.6941856415301784,0.02129000385418429,0.6513623178346623,0.7336371946997098,0.7750286337760608,0.011327839132785707,0.7497968289503611,0.7925051585810964,0.7931378087118316,0.0071732394934149344,0.7763677865457513,0.8043492187958343,0.0988404770488477,0.01022769859298634,0.07894642452616474,0.1187443003909214,0.0,0.0,0.0,0.0,0.5155332022660825,0.006513086053264153,0.5031074130995915,0.5285166630438372,0.49990506065479273,0.008382478643073359,0.48424596005510284,0.516682190690603,0.8084590622682758,0.0055119770611080894,0.7978820692313381,0.8191117538659706,0.4834024203891281,0.006034794769588921,0.47182550274461116,0.4955915756130544,0.8560204068257924,0.008120564533566547,0.8402722800122374,0.8718352549290606,0.4608438697008227,0.007944179572550034,0.44587323819531255,0.4762753865267303,66.714,6.9763079686086735,53.0,80.0,0.38331126457485787,0.009319629609780139,0.365281037064662,0.402760764883047,0.5151494968921108,0.009902880130240026,0.49551717742361634,0.5346626728926878,0.6477020515603882,0.009365832681514287,0.6289783507593987,0.6658493450112464,0.7486505288668932,0.009217332069875154,0.7311307170973469,0.7661071468621597,0.7973442327317715,0.009963977641619192,0.7780968888807457,0.8174690272197918,0.22488250288269795,0.033035056804190006,0.1639448863636363,0.29075769410328234,1.0,0.0,1.0,1.0,25006.4,2085.662731370782,21000.0,29004.999999999996,1467.632,408.03995292027366,678.0,2310.5249999999996
clipped,0.25,0.06827000000000001,0.064588534421976,0.0,0.22,0.27257,0.04731102866598266,0.18,0.36,0.34084,0.061751985455592504,0.23,0.47,0.1828281164726084,0.15833628537995817,0.0,0.5,6.827,6.458853442197602,0.0,22.0,27.257,4.731102866598267,18.0,36.0,65.916,6.17519854555925,53.0,77.0,0.7513926625341727,0.0031861755246994495,0.75,0.7616757579813271,0.8426694389202605,0.007498734554392635,0.8279018123968539,0.8581845092702752,0.26271999999999995,0.06263005767300653,0.15,0.4,0.059051039985058326,0.05585771582350764,0.0,0.18264770603568478,0.21890938244828065,0.038352862331293806,0.1458731589745288,0.29241210474622464,0.5647090164869215,0.05371099100343476,0.45735956301888747,0.6627565403037936,0.034135000000000006,0.032294267210988,0.0,0.11,0.701455,0.03360263549354591,0.63,0.765,0.7275478567075784,0.0034673434451240053,0.7205078896119488,0.734163295049235,0.8004810692308684,0.008682235435635042,0.782391388674669,0.8165958541181298,0.75,0.0,0.75,0.75,0.726736755101591,0.0036219314592800538,0.7190640195441785,0.7336418197605601,0.8650636617923341,0.028200846733357477,0.8006729415218671,0.9233940225300862,0.7981477693066602,0.009087303811764046,0.7794538891533777,0.8144703313179321,6.827,6.458853442197602,0.0,22.0,0.733966453810225,0.010477731930976807,0.712738388418376,0.75,0.75,0.0,0.75,0.75,0.75,0.0,0.75,0.75,0.75,0.0,0.75,0.75,0.75,0.0,0.75,0.75,0.21826501089470518,0.035184996958705785,0.1487522598140496,0.28574197120708744,0.15624568360259858,0.03290616975676343,0.096,0.22309701492537312,0.5925984072618933,0.013582562999371543,0.5658342647027947,0.6202448528344278,0.49954154535866846,0.020008528184531686,0.4608828918187113,0.5399508951744331,0.7856946096288494,0.0034054956136947046,0.7789380744844164,0.7921535189373446,0.5387063001094483,0.012805350555753372,0.5137055429386502,0.5635573653158504,0.8030510632338158,0.014721614431262462,0.7747251870312455,0.8316162086813741,0.414826630953519,0.017097709403952752,0.38109967510327625,0.44869375463434696,27.257,4.731102866598267,18.0,36.0,0.4739162766235671,0.02194097853000461,0.4341774377773358,0.518420936464074,0.6024389034069662,0.02203412105664192,0.5607126765595624,0.6465108098175524,0.7310598493011694,0.02017504926227788,0.6888623178346621,0.7648346855985206,0.7875907880827808,0.007171400616949089,0.7708910012337585,0.7988579808558317,0.7996525341854864,0.004681268026166276,0.7884910650965342,0.8067597307823127,0.0976543557963296,0.008981729062605045,0.07894642452616474,0.11340707010001078,0.0,0.0,0.0,0.0,0.5155332022660825,0.006513086053264153,0.5031074130995915,0.5285166630438372,0.49990506065479273,0.008382478643073359,0.48424596005510284,0.516682190690603,0.8090798201263456,0.005802937855094615,0.7979349056120658,0.8205739468387019,0.48376043031199184,0.006137192721493764,0.472056296616993,0.4960073145721137,0.8566378119117721,0.008371922491191055,0.840627778946209,0.8735034246766575,0.46129470731277944,0.008069521271650186,0.4462828311705529,0.47772249497311453,65.916,6.17519854555925,53.0,77.0,0.38331126457485787,0.009319629609780139,0.365281037064662,0.402760764883047,0.5151494968921108,0.009902880130240026,0.49551717742361634,0.5346626728926878,0.6477020515603882,0.009365832681514287,0.6289783507593987,0.6658493450112464,0.7486505288668932,0.009217332069875154,0.7311307170973469,0.7661071468621597,0.7973442327317715,0.009963977641619192,0.7780968888807457,0.8174690272197918,0.2627887634232021,0.036726148883316705,0.19233391393442625,0.33510105357142855,1.0,0.0,1.0,1.0,25006.4,2085.662731370782,21000.0,29004.999999999996,2736.244,612.9118120523974,1668.0,3969.1749999999997
clipped,0.3,0.02185,0.03919200828630135,0.0,0.13024999999999978,0.34426999999999996,0.04897208761494006,0.25,0.43,0.36612,0.051904138945171215,0.27,0.47,0.05461274581445686,0.0938072843548685,0.0,0.322641129032258,2.185,3.9192008286301347,0.0,13.024999999999977,34.427,4.897208761494006,25.0,43.0,63.388,5.190413894517122,53.0,73.0,0.7547091923456513,0.00540572661403536,0.75,0.7680974251971201,0.8295621184920786,0.00884564906492289,0.8123034379255518,0.8469519176202416,0.28664999999999996,0.050398586463486425,0.19,0.39,0.018495441536964002,0.033141295474826304,0.0,0.11266283832747286,0.26672071759151084,0.03858978871188851,0.1902953676115034,0.33634023169227417,0.5443459593636037,0.04544189210015012,0.4559382151879894,0.6300246738029416,0.010925,0.019596004143150676,0.0,0.06512499999999989,0.8046850000000001,0.028008217280563116,0.75,0.855,0.7367115086038455,0.002625607515223747,0.7313335628036313,0.7417706639904044,0.8004810692308684,0.008682235435635042,0.782391388674669,0.8165958541181298,0.75,0.0,0.75,0.75,0.7365628778122553,0.002651010583909241,0.7310561519666143,0.7416324904402367,0.847903488639995,0.03999631365730361,0.7598593089506437,0.9278263636321586,0.7999682372478476,0.00879174864647861,0.7815949784699915,0.8165014041491431,2.185,3.9192008286301347,0.0,13.024999999999977,0.7499081088449907,0.0006954568722696733,0.7495957674385072,0.75,0.75,0.0,0.75,0.75,0.75,0.0,0.75,0.75,0.75,0.0,0.75,0.75,0.75,0.0,0.75,0.75,0.2758261740686136,0.03590378321010339,0.20452031375703938,0.3451327433628318,0.21523884407792268,0.03691896997559772,0.144,0.2868232939382387,0.623149185290848,0.012795490479517523,0.5973525540105692,0.6489269151708306,0.49954154535866846,0.020008528184531686,0.4608828918187113,0.5399508951744331,0.7872918616966013,0.0031505582828777086,0.7812462356316227,0.7932753879026097,0.5606414208506274,0.013050536353003479,0.5360399392834032,0.5864406436780483,0.7745972427352408,0.015110590384604635,0.7453990007242934,0.8046486460020141,0.39478115261599567,0.017914180569318,0.36194124302622466,0.4309066679947721,34.427,4.897208761494006,25.0,43.0,0.511416276623567,0.021940978530004616,0.47167743777733573,0.555920936464074,0.639938903406966,0.02203412105664192,0.5982126765595625,0.6840108098175524,0.7604503460573628,0.013456159909426576,0.7263623178346621,0.7797911187788322,0.7945322409672329,0.00490159841249917,0.7838988387619897,0.8028272517939056,0.8030320602421136,0.0034108524995701602,0.7951867941112518,0.8081642786099237,0.09389667781826659,0.007346164988213143,0.07894642452616474,0.10735568481123783,0.0,0.0,0.0,0.0,0.5155332022660825,0.006513086053264153,0.5031074130995915,0.5285166630438372,0.49990506065479273,0.008382478643073359,0.48424596005510284,0.516682190690603,0.8112078755040393,0.006559550871262191,0.7991071944362609,0.82484146393427,0.4848898768322647,0.00627373794551545,0.4730194951144577,0.4975258396217701,0.8586833694176903,0.008890641847752316,0.841235804774823,0.8767210232237184,0.4627228443181541,0.008248985935171971,0.44733766785855145,0.4791765333660985,63.388,5.190413894517122,53.0,73.0,0.38331126457485787,0.009319629609780139,0.365281037064662,0.402760764883047,0.5151494968921108,0.009902880130240026,0.49551717742361634,0.5346626728926878,0.6477020515603882,0.009365832681514287,0.6289783507593987,0.6658493450112464,0.7486505288668932,0.009217332069875154,0.7311307170973469,0.7661071468621597,0.7973442327317715,0.009963977641619192,0.7780968888807457,0.8174690272197918,0.31268553384592407,0.03974723947397497,0.235088943548387,0.3895145075116377,1.0,0.0,1.0,1.0,25006.4,2085.662731370782,21000.0,29004.999999999996,4325.754,807.7335891462203,2821.65,5920.2
unclipped,0.0,0.07748000000000002,0.03595194211919771,0.02,0.15,0.02851,0.016660055745928867,0.0,0.06,0.10599000000000001,0.03943063117266416,0.039750000000000014,0.19,0.7151891783606381,0.16886265644602244,0.3333333333333333,1.0,7.748,3.5951942119197704,2.0,15.0,2.851,1.6660055745928866,0.0,6.0,89.401,3.943063117266416,81.0,96.02499999999998,0.7239368757481967,0.005924010147132053,0.7122908609888099,0.7358245535207217,0.8502395437426117,0.007968103239384421,0.8353422132994193,0.866130931328862,0.0,0.0,0.0,0.0,0.07556063242550073,0.03483344495041059,0.019452944079407175,0.14626084860640529,0.02665582802115925,0.015564205701114213,0.0,0.05704838460781106,0.7480230832959517,0.03632475792698825,0.67448264417855,0.8144706667872511,0.03874000000000001,0.017975971059598854,0.01,0.075,0.0,0.0,0.0,0.0,0.6003608019231512,0.006511676576726282,0.5867935415060017,0.6124468905885974,0.8004810692308684,0.008682235435635042,0.782391388674669,0.8165958541181298,0.732560977937005,0.004567991917434263,0.7238728238189772,0.7416003175870464,0.5950549055355043,0.0067632052749303185,0.5811293150074238,0.6076063554514263,0.9767479705826735,0.006090655889912344,0.9651637650919698,0.9888004234493953,0.7934065407140057,0.009017607033240425,0.7748390866765651,0.8101418072685687,7.748,3.5951942119197704,2.0,15.0,0.5467742359380537,0.011046869151447493,0.525238388418376,0.5672460943747252,0.6156681892603328,0.008166159917058692,0.5979499976200019,0.6305464291030745,0.6695061979452919,0.0066575385687219725,0.6559706899993235,0.6824334539533107,0.7037533727988332,0.005753519418783043,0.6914533139984932,0.7138339571819866,0.7180156310045268,0.0055133741566151355,0.7064811196935517,0.7280374275456437,0.022788260559054387,0.013233149583732486,0.0,0.05043085030622409,0.0,0.0,0.0,0.0,0.41527492048427594,0.015090458665306406,0.38658449069737666,0.44561905187411677,0.49954154535866846,0.020008528184531686,0.4608828918187113,0.5399508951744331,0.7480656605836841,0.012577754326992466,0.7253187698855318,0.7755556615716143,0.40752452160736136,0.014583000807909243,0.3777511406919754,0.43586706164346056,0.9354593563570954,0.017910065702674404,0.9014596613794371,0.9728578889293,0.4893951423613603,0.019353820222003222,0.45126996114948514,0.5276714808750491,2.851,1.6660055745928866,0.0,6.0,0.2864162766235671,0.021940978530004606,0.24667743777733583,0.33092093646407394,0.414938903406966,0.02203412105664192,0.37321267655956236,0.45901080981755243,0.5441862099735651,0.02129156625379352,0.5013623178346621,0.5836371946997099,0.6404115156237704,0.020997688008029897,0.5997968289503611,0.6797804025637528,0.6834518106504043,0.02096656917463914,0.6399079592608751,0.7211148601787246,0.13246689373220916,0.005826401419346105,0.11982093505297088,0.14329332629912944,0.0,0.0,0.0,0.0,0.5155332022660825,0.006513086053264153,0.5031074130995915,0.5285166630438372,0.49990506065479273,0.008382478643073359,0.48424596005510284,0.516682190690603,0.789997383517996,0.0065106589389511554,0.7786388257537888,0.8033470317744552,0.47361796294826836,0.006316465469373929,0.4618371867731813,0.4863646194604941,0.8365787887034278,0.00885283446280664,0.8196735190748319,0.8530982723328896,0.4484911564881433,0.008336779668318337,0.4331102046282994,0.46516182225946473,89.401,3.943063117266416,81.0,96.02499999999998,0.38331126457485787,0.009319629609780139,0.365281037064662,0.402760764883047,0.5151494968921108,0.009902880130240026,0.49551717742361634,0.5346626728926878,0.6477020515603882,0.009365832681514287,0.6289783507593987,0.6658493450112464,0.7486505288668932,0.009217332069875154,0.7311307170973469,0.7661071468621597,0.7973442327317715,0.009963977641619192,0.7780968888807457,0.8174690272197918,0.17907015830665032,0.026805460515452257,0.12866538461538454,0.23256095242584207,,,,,25006.4,2085.662731370782,21000.0,29004.999999999996,0.0,0.0,0.0,0.0
unclipped,0.05,0.20955000000000001,0.04381115060024008,0.12975000000000003,0.3,0.04713000000000001,0.021469141203691033,0.01,0.09,0.25668,0.04639752504531174,0.16975000000000004,0.36,0.8153679704069692,0.08039983808255524,0.6399090909090909,0.958375,20.955,4.381115060024008,12.975000000000001,30.0,4.713,2.1469141203691033,1.0,9.0,74.332,4.639752504531175,64.0,83.02499999999998,0.7410795545733627,0.005251575744645323,0.7304429125791299,0.7516213520319247,0.8756010020125213,0.007495687576961136,0.8617490442115238,0.8896257896665084,0.15158000000000002,0.03758611866522422,0.08,0.23,0.201061131080654,0.041699646739697324,0.12437318735685678,0.2871017280739657,0.04327939791206697,0.019688465382082066,0.009001230584274147,0.08335443889647905,0.6312604730198005,0.041291728389997666,0.549369468229472,0.7098423736076029,0.10477500000000001,0.02190557530012004,0.06487500000000002,0.15,0.07194999999999999,0.018784311282300195,0.03987500000000001,0.11,0.6378608019231513,0.006511676576726282,0.6242935415060018,0.6499468905885973,0.8004810692308684,0.008682235435635042,0.782391388674669,0.8165958541181298,0.7573964991217219,0.0040720077687442,0.7496040138954704,0.7653618317768327,0.6238773059189696,0.006939268605098266,0.610087707402461,0.6368205395697492,0.9598619988289625,0.0054293436916589425,0.9494720185272939,0.9704824423691102,0.7818364078919594,0.009252358140131027,0.7634502765366146,0.7990940527596656,20.955,4.381115060024008,12.975000000000001,30.0,0.5842742359380537,0.011046869151447489,0.5627383884183761,0.6047460943747253,0.6531681892603328,0.008166159917058689,0.635449997620002,0.6680464291030745,0.7070061979452918,0.00665753856872197,0.6934706899993236,0.7199334539533108,0.7412533727988332,0.0057535194187830355,0.7289533139984933,0.7513339571819866,0.7555156310045268,0.0055133741566151225,0.7439811196935516,0.7655374275456436,0.03765855171918211,0.016842105502732675,0.0079365079365079,0.07378573364042804,0.006949062029690632,0.0073974024729437406,0.0,0.025,0.452774920484276,0.015090458665306406,0.4240844906973767,0.4831190518741168,0.49954154535866846,0.020008528184531686,0.4608828918187113,0.5399508951744331,0.7716242751934554,0.0123970723568778,0.7471739631252208,0.7961409893667973,0.4403043080190806,0.014357586234186516,0.4114941391751796,0.4687784572480115,0.9184380172487736,0.017035508754040737,0.8848456999940583,0.9509634258810631,0.4831613902815387,0.01907293170087687,0.4445472448522955,0.5210734797878628,4.713,2.1469141203691033,1.0,9.0,0.3239162766235671,0.021940978530004603,0.28417743777733584,0.368420936464074,0.452438903406966,0.022034121056641934,0.4107126765595624,0.4965108098175524,0.5816862099735651,0.02129156625379352,0.5388623178346622,0.62113719469971,0.6779115156237705,0.020997688008029897,0.6372968289503612,0.7172804025637529,0.7209518106504044,0.020966569174639148,0.6774079592608752,0.7586148601787247,0.1101343772432699,0.00678919803881701,0.0960051384392972,0.12328818621897208,0.0,0.0,0.0,0.0,0.5155332022660825,0.006513086053264153,0.5031074130995915,0.5285166630438372,0.49990506065479273,0.008382478643073359,0.48424596005510284,0.516682190690603,0.8017852167903566,0.006397457859002307,0.7895942699301214,0.8143286773588595,0.4800976344529606,0.0062980447941674835,0.46806569922309166,0.49339152604784353,0.8491283465128359,0.008753168551306879,0.8322916568252227,0.8654715636906086,0.4566772813696308,0.008303510900124775,0.44130289145164253,0.47318152250786694,74.332,4.639752504531175,64.0,83.02499999999998,0.38331126457485787,0.009319629609780139,0.365281037064662,0.402760764883047,0.5151494968921108,0.009902880130240026,0.49551717742361634,0.5346626728926878,0.6477020515603882,0.009365832681514287,0.6289783507593987,0.6658493450112464,0.7486505288668932,0.009217332069875154,0.7311307170973469,0.7661071468621597,0.7973442327317715,0.009963977641619192,0.7780968888807457,0.8174690272197918,0.17907015830665032,0.026805460515452257,0.12866538461538454,0.23256095242584207,0.9810547635104093,0.06576204005976664,0.7743589743589744,1.0,25006.4,2085.662731370782,21000.0,29004.999999999996,12.388,14.072152695358357,0.0,48.0
unclipped,0.1,0.35126999999999997,0.047433501209978544,0.25,0.44,0.06596,0.024708073354450136,0.02,0.12,0.41723000000000005,0.04892873512692844,0.32,0.51,0.8418340931980876,0.05659979306767867,0.7254084967320261,0.944481981981982,35.127,4.743350120997856,25.0,44.0,6.596,2.4708073354450137,2.0,12.0,58.277,4.892873512692844,49.0,68.0,0.761434610997682,0.005169980325163587,0.7509655208548055,0.7718148829328202,0.8950282342859667,0.006702661379955269,0.8819368311444973,0.9075129887253868,0.38509,0.04773542259759068,0.29,0.48,0.3322977943722555,0.04455245246394252,0.23838925514252948,0.4170727055609806,0.05964418138334913,0.022347871262324962,0.01846016628769893,0.10833485243363541,0.5030862585303619,0.04336373874564758,0.42170133041488866,0.5845009053676972,0.17563499999999999,0.023716750604989272,0.125,0.22,0.22657999999999998,0.030398645984281564,0.17,0.28512499999999985,0.6753608019231513,0.0065116765767262805,0.6617935415060017,0.6874468905885973,0.8004810692308684,0.008682235435635042,0.782391388674669,0.8165958541181298,0.7845964494218913,0.00405002680365108,0.7768729933025231,0.7928952398139651,0.6520849446939468,0.0071506900434170195,0.6383738055738463,0.6656430223976307,0.9461285992291885,0.005400035738201449,0.9358306577366975,0.9571936530852868,0.7694465929252624,0.009534253391222691,0.7511650740984616,0.7875240298635078,35.127,4.743350120997856,25.0,44.0,0.6217742359380537,0.01104686915144749,0.600238388418376,0.6422460943747252,0.6906681892603328,0.00816615991705869,0.6729499976200018,0.7055464291030744,0.7445061979452918,0.006657538568721983,0.7309706899993236,0.7574334539533109,0.778753372798833,0.005753519418783042,0.7664533139984934,0.7888339571819867,0.7930156310045268,0.005513374156615134,0.7814811196935517,0.8030374275456437,0.05277552096489816,0.0194762343703766,0.018006164058795623,0.0930232558139534,0.02749830472710191,0.01487757009253019,0.0,0.0597014925373134,0.4902749204842759,0.015090458665306413,0.46158449069737667,0.5206190518741168,0.49954154535866846,0.020008528184531686,0.4608828918187113,0.5399508951744331,0.7976345933327863,0.011743467050417462,0.7752352485230626,0.8210424328007524,0.47315162527306376,0.014149242107765535,0.4449426471363675,0.5007506292534942,0.9041000018654828,0.016333713873257695,0.8730576465385803,0.9359949050907521,0.47700787785338555,0.018783837527157815,0.44062141841441393,0.5140780806746209,6.596,2.4708073354450137,2.0,12.0,0.3614162766235671,0.021940978530004606,0.3216774377773358,0.40592093646407407,0.489938903406966,0.022034121056641924,0.4482126765595624,0.5340108098175523,0.6191862099735651,0.021291566253793515,0.5763623178346621,0.6586371946997098,0.7154115156237704,0.020997688008029897,0.6747968289503611,0.7547804025637528,0.7584518106504042,0.020966569174639148,0.7149079592608751,0.7961148601787246,0.0863439222404511,0.0071692479529173875,0.0724852071005917,0.10000726744186046,0.0,0.0,0.0,0.0,0.5155332022660825,0.006513086053264153,0.5031074130995915,0.5285166630438372,0.49990506065479273,0.008382478643073359,0.48424596005510284,0.516682190690603,0.8158848731075257,0.0065806366758829685,0.8033015709743478,0.8286862128038095,0.4871434110554437,0.006281804080884122,0.47536732689919586,0.499681644851478,0.8631538630259621,0.008999396740651257,0.8458364218446284,0.8801844197730087,0.46557007532999023,0.008263570972051588,0.4500840159486838,0.4817133376268892,58.277,4.892873512692844,49.0,68.0,0.38331126457485787,0.009319629609780139,0.365281037064662,0.402760764883047,0.5151494968921108,0.009902880130240026,0.49551717742361634,0.5346626728926878,0.6477020515603882,0.009365832681514287,0.6289783507593987,0.6658493450112464,0.7486505288668932,0.009217332069875154,0.7311307170973469,0.7661071468621597,0.7973442327317715,0.009963977641619192,0.7780968888807457,0.8174690272197918,0.17907015830665032,0.026805460515452257,0.12866538461538454,0.23256095242584207,0.8908913819393404,0.10612445323486018,0.6044642857142857,1.0,25006.4,2085.662731370782,21000.0,29004.999999999996,155.227,86.91957480040664,0.0,344.2499999999998
unclipped,0.15,0.48771000000000003,0.0469729960973575,0.39,0.58,0.08540000000000002,0.028626202323386515,0.03,0.14,0.57311,0.04712163354923456,0.48,0.67,0.8512501555067336,0.047905303445066945,0.7543859649122807,0.9411764705882352,48.771,4.697299609735749,39.0,58.0,8.54,2.8626202323386516,3.0,14.0,42.689,4.712163354923456,33.0,52.0,0.7839708541765135,0.0053078297979251895,0.7740248047273348,0.7944216694502155,0.9068632839555698,0.005968260968398337,0.8949177401181025,0.9178975134551466,0.55826,0.04622238536584745,0.47,0.65,0.4557617735420516,0.043687448767556473,0.3655662704785809,0.5383825014987256,0.07614057001887835,0.025538520059339195,0.027249639325960594,0.12702209245140997,0.37496094039463973,0.04198650212359657,0.2931415019699838,0.4570032148493176,0.24385500000000002,0.02348649804867875,0.195,0.29,0.40195,0.03381776369219498,0.335,0.47,0.7128608019231513,0.00651167657672628,0.6992935415060016,0.7249468905885973,0.8004810692308684,0.008682235435635042,0.782391388674669,0.8165958541181298,0.8134123076784348,0.004170416626834346,0.804958634036498,0.8215322868939215,0.6804334462737724,0.00732309376989865,0.6666132626910264,0.694306409296099,0.9345497435712465,0.005560555502445787,0.9232781787153306,0.9453763825252289,0.7572445950316966,0.00976412502653154,0.738817683588035,0.7757418790614652,48.771,4.697299609735749,39.0,58.0,0.6592742359380537,0.011046869151447493,0.637738388418376,0.6797460943747252,0.7281681892603329,0.00816615991705869,0.7104499976200019,0.7430464291030745,0.7820061979452918,0.00665753856872197,0.7684706899993236,0.7949334539533107,0.816253372798833,0.0057535194187830424,0.8039533139984932,0.8263339571819865,0.8305156310045267,0.0055133741566151355,0.8189811196935516,0.8405374275456436,0.06834259313300362,0.02238805378398945,0.026075808249721263,0.1130629197596323,0.060240955166984564,0.02151917221999916,0.02272300068352697,0.10486197270471456,0.527774920484276,0.015090458665306406,0.4990844906973767,0.5581190518741169,0.49954154535866846,0.020008528184531686,0.4608828918187113,0.5399508951744331,0.8251658320218648,0.011759145502116437,0.8033213382428044,0.8478113466718298,0.505981241243203,0.013742424014915476,0.47865341748374446,0.5332073366530676,0.8915941008179218,0.01569469126838403,0.8624156546710079,0.9234185965614997,0.47081187200194163,0.018253121360764426,0.43421292197768285,0.5077980414182869,8.54,2.8626202323386516,3.0,14.0,0.3989162766235671,0.021940978530004603,0.3591774377773358,0.443420936464074,0.5274389034069661,0.02203412105664193,0.4857126765595624,0.5715108098175524,0.6566862099735652,0.02129156625379352,0.6138623178346622,0.6961371946997099,0.7529115156237703,0.020997688008029893,0.7122968289503612,0.7922804025637529,0.7959518106504042,0.02096656917463913,0.7524079592608751,0.8336148601787245,0.06324429442735056,0.006897052367994804,0.04963476208770094,0.07647080044138865,0.0,0.0,0.0,0.0,0.5155332022660825,0.006513086053264153,0.5031074130995915,0.5285166630438372,0.49990506065479273,0.008382478643073359,0.48424596005510284,0.516682190690603,0.8319425811380006,0.006799884984205657,0.8189325518575596,0.845224718034405,0.49416791604225735,0.006267248354825445,0.48235572974720275,0.5065456329791354,0.8782478279566942,0.00954378405810245,0.8588880903771967,0.8964933773709097,0.4743559364285587,0.008246527700459503,0.4590799961317892,0.49041084060040113,42.689,4.712163354923456,33.0,52.0,0.38331126457485787,0.009319629609780139,0.365281037064662,0.402760764883047,0.5151494968921108,0.009902880130240026,0.49551717742361634,0.5346626728926878,0.6477020515603882,0.009365832681514287,0.6289783507593987,0.6658493450112464,0.7486505288668932,0.009217332069875154,0.7311307170973469,0.7661071468621597,0.7973442327317715,0.009963977641619192,0.7780968888807457,0.8174690272197918,0.17907015830665032,0.026805460515452257,0.12866538461538454,0.23256095242584207,0.780497948610187,0.08892441150985163,0.5872049006838164,0.9392784810126583,25006.4,2085.662731370782,21000.0,29004.999999999996,604.069,224.50372861750685,225.0,1092.0
unclipped,0.2,0.61072,0.044607975424485156,0.52,0.69,0.10347000000000003,0.03072463349013464,0.05,0.17,0.7141900000000001,0.04267980160995908,0.63,0.79,0.855370812314412,0.04140506153969778,0.7680911256700417,0.931046291922532,61.072,4.460797542448516,52.0,69.0,10.347,3.072463349013464,5.0,17.0,28.581,4.267980160995908,21.0,37.0,0.8083472813759942,0.005278983063329166,0.7980215025110414,0.8185307529516672,0.9112278100688674,0.005517953775212396,0.9000353406339122,0.922011883341362,0.7133799999999999,0.04275749997139454,0.63,0.79,0.5647701655411645,0.04130116391187512,0.48393558660645436,0.6426628835279115,0.09114810998822483,0.027152899586607205,0.043070346904141445,0.14911603922874783,0.255309534539478,0.03823888911231302,0.18806581704788428,0.3343287110615331,0.30536,0.022303987712242578,0.26,0.345,0.566215,0.03545639478191388,0.49,0.63,0.7503608019231512,0.006511676576726281,0.7367935415060016,0.7624468905885973,0.8004810692308684,0.008682235435635042,0.782391388674669,0.8165958541181298,0.8435784465593302,0.004246987934372108,0.8348947999838169,0.8516722592412592,0.7093873473985528,0.007515039334730652,0.6950616364236277,0.7239034261989182,0.924771262079107,0.005662650579162807,0.913193066645089,0.9355630123216788,0.7458497965314037,0.010020052446307534,0.7267488485648369,0.7652045682652243,61.072,4.460797542448516,52.0,69.0,0.6967742359380539,0.011046869151447493,0.675238388418376,0.7172460943747252,0.7656681892603329,0.00816615991705869,0.7479499976200019,0.7805464291030744,0.8195061979452919,0.006657538568721971,0.8059706899993235,0.8324334539533108,0.8537533727988332,0.005753519418783042,0.8414533139984932,0.8638339571819866,0.8680156310045267,0.005513374156615136,0.8564811196935517,0.8780374275456437,0.08277437736697674,0.023689549593124755,0.039993377483443705,0.13077868852459007,0.10373364596354553,0.027116747918801774,0.05169153868443921,0.1579057017543859,0.565274920484276,0.0150904586653064,0.5365844906973768,0.5956190518741168,0.49954154535866846,0.020008528184531686,0.4608828918187113,0.5399508951744331,0.8541074268740685,0.01149227678218439,0.8324027815558569,0.8763675272760244,0.5392118251027175,0.0137721447074912,0.5121832185960022,0.567114203044829,0.8807027487373322,0.015250384119812048,0.8504691519979493,0.9098145568905037,0.4651476753504934,0.01830020643151755,0.42910278169907934,0.5026163852345154,10.347,3.072463349013464,5.0,17.0,0.43641627662356713,0.021940978530004603,0.39667743777733583,0.48092093646407397,0.564938903406966,0.022034121056641924,0.5232126765595624,0.6090108098175524,0.6941862099735652,0.02129156625379352,0.6513623178346623,0.7336371946997098,0.7904115156237703,0.020997688008029897,0.7497968289503611,0.829780402563753,0.8334518106504042,0.020966569174639144,0.7899079592608751,0.8711148601787245,0.042337954437834315,0.006248942628785365,0.031293089723916166,0.0552238805970149,0.0,0.0,0.0,0.0,0.5155332022660825,0.006513086053264153,0.5031074130995915,0.5285166630438372,0.49990506065479273,0.008382478643073359,0.48424596005510284,0.516682190690603,0.8500810933882672,0.00745955909558456,0.8367665089255625,0.8648627207866765,0.5007439956796337,0.006221838805681486,0.4888845648980457,0.5131913991336235,0.8932790611475583,0.010157096033997193,0.8728082146541877,0.91244254057682,0.48251663908835585,0.008138375884973436,0.4673670733053767,0.49848289402585205,28.581,4.267980160995908,21.0,37.0,0.38331126457485787,0.009319629609780139,0.365281037064662,0.402760764883047,0.5151494968921108,0.009902880130240026,0.49551717742361634,0.5346626728926878,0.6477020515603882,0.009365832681514287,0.6289783507593987,0.6658493450112464,0.7486505288668932,0.009217332069875154,0.7311307170973469,0.7661071468621597,0.7973442327317715,0.009963977641619192,0.7780968888807457,0.8174690272197918,0.17907015830665032,0.026805460515452257,0.12866538461538454,0.23256095242584207,0.6833314521548702,0.07458555092988184,0.536050684538449,0.8211611927712905,25006.4,2085.662731370782,21000.0,29004.999999999996,1467.632,408.03995292027366,678.0,2310.5249999999996
unclipped,0.25,0.71154,0.04205231024327673,0.63,0.79,0.11893000000000001,0.03240687126683638,0.06,0.19,0.83047,0.036502212419407,0.76,0.89,0.8569635763834311,0.03798397018799752,0.7762899172087522,0.925,71.154,4.205231024327673,63.0,79.0,11.893,3.2406871266836377,6.0,19.0,16.953,3.6502212419407014,11.0,24.0,0.8351761409520363,0.005563014970801026,0.8241373570749699,0.8457224495691372,0.9103014350518156,0.0055001942028615695,0.8995616640925844,0.9208502741736398,0.83047,0.036502212419407,0.76,0.89,0.6525086649240202,0.03891960333715207,0.5760776247867191,0.7232010262248958,0.10373328007563169,0.02839937741343595,0.05182319030203035,0.16561890565521037,0.15405949005216354,0.03305572403838568,0.09779354935595241,0.22016090617201767,0.35577,0.021026155121638364,0.315,0.395,0.701455,0.03360263549354591,0.63,0.765,0.7878608019231512,0.006511676576726281,0.7742935415060016,0.7999468905885975,0.8004810692308684,0.008682235435635042,0.782391388674669,0.8165958541181298,0.8752683253558283,0.00431659438896358,0.8666260990546357,0.8834136576406066,0.7395918464818944,0.007823779240263133,0.7246341513163724,0.754664155188214,0.9170244338077711,0.005755459185284774,0.9055014654061811,0.9278848768541422,0.7361224619758591,0.010431705653684174,0.7161788684218299,0.7562188735842853,71.154,4.205231024327673,63.0,79.0,0.7342742359380536,0.011046869151447493,0.712738388418376,0.7547460943747252,0.8031681892603328,0.008166159917058692,0.7854499976200019,0.8180464291030745,0.8570061979452919,0.006657538568721967,0.8434706899993236,0.8699334539533107,0.8912533727988332,0.005753519418783038,0.8789533139984933,0.9013339571819866,0.9055156310045268,0.0055133741566151286,0.8939811196935517,0.9155374275456436,0.09519078958105877,0.025026954396561104,0.048,0.1472868217054263,0.15624568360259858,0.03290616975676343,0.096,0.22309701492537312,0.602774920484276,0.015090458665306403,0.5740844906973767,0.6331190518741168,0.49954154535866846,0.020008528184531686,0.4608828918187113,0.5399508951744331,0.8848689683010637,0.011312955364074836,0.8626198006465328,0.9068655910681339,0.5731007931537909,0.013598446917649602,0.5459144259731316,0.6006518545315822,0.8719644992449755,0.01521019937821341,0.8403736022032006,0.9023846522832999,0.460366371465515,0.018088448347523645,0.42483622408755606,0.4971667401724752,11.893,3.2406871266836377,6.0,19.0,0.4739162766235671,0.02194097853000461,0.4341774377773358,0.518420936464074,0.6024389034069662,0.02203412105664192,0.5607126765595624,0.6465108098175524,0.7316862099735651,0.02129156625379352,0.6888623178346621,0.7711371946997099,0.8279115156237704,0.020997688008029897,0.7872968289503611,0.8672804025637529,0.8709518106504043,0.02096656917463914,0.8274079592608751,0.9086148601787247,0.025110869592261588,0.005368135661012937,0.016127853235238614,0.0360911491155634,0.0,0.0,0.0,0.0,0.5155332022660825,0.006513086053264153,0.5031074130995915,0.5285166630438372,0.49990506065479273,0.008382478643073359,0.48424596005510284,0.516682190690603,0.8703331269226087,0.008378553421572461,0.8545204472215615,0.8873043891156285,0.5063986062968272,0.0062664195355858175,0.4944619649281305,0.5188998783778201,0.9089278656518249,0.011353023402622816,0.8869893994741597,0.929622064657638,0.489376145091229,0.008173870294095041,0.47430588653943145,0.5055420496122884,16.953,3.6502212419407014,11.0,24.0,0.38331126457485787,0.009319629609780139,0.365281037064662,0.402760764883047,0.5151494968921108,0.009902880130240026,0.49551717742361634,0.5346626728926878,0.6477020515603882,0.009365832681514287,0.6289783507593987,0.6658493450112464,0.7486505288668932,0.009217332069875154,0.7311307170973469,0.7661071468621597,0.7973442327317715,0.009963977641619192,0.7780968888807457,0.8174690272197918,0.17907015830665032,0.026805460515452257,0.12866538461538454,0.23256095242584207,0.6037123105099961,0.06699465769739556,0.46596052631578944,0.7300480769230769,25006.4,2085.662731370782,21000.0,29004.999999999996,2736.244,612.9118120523974,1668.0,3969.1749999999997
unclipped,0.3,0.78412,0.037210350847717226,0.71,0.86,0.13188000000000002,0.03305083899022773,0.07,0.2,0.916,0.027120758387912662,0.86,0.9602499999999997,0.856164388334259,0.035262945716705824,0.784924853372434,0.9213483146067416,78.412,3.721035084771723,71.0,86.0,13.188,3.3050838990227733,7.0,20.0,8.4,2.712075838791267,3.9750000000000014,14.0,0.864873844682559,0.0061878503462430125,0.8523014092955677,0.8762432427513294,0.906620095237343,0.005848263824948884,0.894859976426645,0.9185207088763516,0.916,0.027120758387912662,0.86,0.9602499999999997,0.7147467034044159,0.034395207804545,0.6447664790484332,0.7825883413539709,0.11412008199035009,0.028799375896883618,0.06122764205482153,0.1745184870881161,0.07775330984257693,0.02508832549140303,0.03575012122534756,0.12916905025450776,0.39206,0.018605175423858613,0.355,0.43,0.8046850000000001,0.028008217280563116,0.75,0.855,0.8253608019231513,0.006511676576726281,0.8117935415060016,0.8374468905885972,0.8004810692308684,0.008682235435635042,0.782391388674669,0.8165958541181298,0.908638410669748,0.004552764216766313,0.8993086471069813,0.9173154725570069,0.7716614900215111,0.008128031628695102,0.7561026003226069,0.78704583190514,0.9115178808929975,0.0060703522890217495,0.8990781961426417,0.9230872967426759,0.7288819866953481,0.010837375504926803,0.7081368004301426,0.7493944425401865,78.412,3.721035084771723,71.0,86.0,0.7717742359380537,0.011046869151447489,0.7502383884183759,0.7922460943747253,0.8406681892603328,0.008166159917058685,0.8229499976200018,0.8555464291030745,0.8945061979452917,0.0066575385687219725,0.8809706899993235,0.9074334539533108,0.9287533727988332,0.005753519418783041,0.9164533139984933,0.9388339571819866,0.9430156310045268,0.005513374156615134,0.9314811196935517,0.9530374275456436,0.10558275553382873,0.025451197716135257,0.05838058756107859,0.15873386737872716,0.21523884407792268,0.03691896997559772,0.144,0.2868232939382387,0.640274920484276,0.0150904586653064,0.6115844906973767,0.6706190518741169,0.49954154535866846,0.020008528184531686,0.4608828918187113,0.5399508951744331,0.9169681533909837,0.011528472652406545,0.8938455323910757,0.939950413860299,0.6076150779537502,0.01350297169975351,0.5812215421979043,0.6347518500594539,0.8650323284727612,0.015356971931241591,0.835005844848985,0.8934376132345832,0.4564044998564393,0.01795166925888707,0.42119124906839095,0.4928025230540327,13.188,3.3050838990227733,7.0,20.0,0.511416276623567,0.021940978530004616,0.47167743777733573,0.555920936464074,0.639938903406966,0.02203412105664192,0.5982126765595625,0.6840108098175524,0.7691862099735651,0.021291566253793522,0.7263623178346621,0.80863719469971,0.8654115156237704,0.020997688008029897,0.8247968289503612,0.9047804025637529,0.9084518106504043,0.020966569174639144,0.8649079592608752,0.9461148601787246,0.012439101466633955,0.003998774030118044,0.005734100358580622,0.02064973006888797,0.0,0.0,0.0,0.0,0.5155332022660825,0.006513086053264153,0.5031074130995915,0.5285166630438372,0.49990506065479273,0.008382478643073359,0.48424596005510284,0.516682190690603,0.8928093263175062,0.00969084538842428,0.8746080827333091,0.9117406591409277,0.5107845365481701,0.006317882032350608,0.4988578529733406,0.5237284828014444,0.925813430350757,0.013465933487154629,0.8980952827039745,0.9521733215332904,0.4945447063544027,0.008196047876268344,0.4788956418611862,0.5112816938229422,8.4,2.712075838791267,3.9750000000000014,14.0,0.38331126457485787,0.009319629609780139,0.365281037064662,0.402760764883047,0.5151494968921108,0.009902880130240026,0.49551717742361634,0.5346626728926878,0.6477020515603882,0.009365832681514287,0.6289783507593987,0.6658493450112464,0.7486505288668932,0.009217332069875154,0.7311307170973469,0.7661071468621597,0.7973442327317715,0.009963977641619192,0.7780968888807457,0.8174690272197918,0.17907015830665032,0.026805460515452257,0.12866538461538454,0.23256095242584207,0.5368766219616016,0.06023310776645203,0.42191223613379303,0.6575971759649549,25006.4,2085.662731370782,21000.0,29004.999999999996,4325.754,807.7335891462203,2821.65,5920.2
