lambda,delta,operator,policy_violation_rate_mean,policy_violation_rate_std,policy_violation_rate_ci_low,policy_violation_rate_ci_high,predictive_utility_mean,predictive_utility_std,predictive_utility_ci_low,predictive_utility_ci_high,kendall_tau_mean,kendall_tau_std,kendall_tau_ci_low,kendall_tau_ci_high,jaccard_top_k_mean,jaccard_top_k_std,jaccard_top_k_ci_low,jaccard_top_k_ci_high
0.5,0.0,linear,0.0,0.0,0.0,0.0,0.7584454237932592,0.013322335252258852,0.7341740348055262,0.785468662328159,1.0,0.0,1.0,1.0,1.0,0.0,1.0,1.0
0.5,0.0,geometric,0.0,0.0,0.0,0.0,0.7576187547853785,0.01253323727042121,0.7338721417814541,0.7814609099690546,1.0,0.0,1.0,1.0,1.0,0.0,1.0,1.0
0.5,0.0,min,0.0,0.0,0.0,0.0,0.7443433747467484,0.011533386557922742,0.7214921839953684,0.7660139027139257,1.0,0.0,1.0,1.0,1.0,0.0,1.0,1.0
0.5,0.05,linear,0.0,0.0,0.0,0.0,0.7584454237932592,0.013322335252258852,0.7341740348055262,0.785468662328159,0.963118649921234,0.0018956427700597747,0.9592983092464649,0.96679803385992,1.0,0.0,1.0,1.0
0.5,0.05,geometric,0.0,0.0,0.0,0.0,0.7576187547853785,0.01253323727042121,0.7338721417814541,0.7814609099690546,0.994331371976647,0.0005984718011712927,0.9930770433694746,0.9954631984987486,1.0,0.0,1.0,1.0
0.5,0.05,min,0.0,0.0,0.0,0.0,0.7443433747467484,0.011533386557922742,0.7214921839953684,0.7660139027139257,0.9984404753961633,0.0005510934674505169,0.9972602168473726,0.9994248331943284,1.0,0.0,1.0,1.0
0.5,0.1,linear,0.0,0.0,0.0,0.0,0.7584454237932592,0.013322335252258852,0.7341740348055262,0.785468662328159,0.925379623482771,0.0037596961941470425,0.9176068659540215,0.932506739134481,1.0,0.0,1.0,1.0
0.5,0.1,geometric,0.0,0.0,0.0,0.0,0.7576187547853785,0.01253323727042121,0.7338721417814541,0.7814609099690546,0.9884690492076728,0.001190104378507515,0.9860133444537112,0.9907842994161798,1.0,0.0,1.0,1.0
0.5,0.1,min,0.0,0.0,0.0,0.0,0.7443433747467484,0.011533386557922742,0.7214921839953684,0.7660139027139257,0.9975221934945787,0.0009188097524229307,0.9955585904920767,0.9991537739783151,1.0,0.0,1.0,1.0
0.5,0.15,linear,0.0,0.0,0.0,0.0,0.7584454237932592,0.013322335252258852,0.7341740348055262,0.785468662328159,0.8881611867418064,0.0055259960545987665,0.8771916452544016,0.898906617146121,1.0,0.0,1.0,1.0
0.5,0.15,geometric,0.0,0.0,0.0,0.0,0.7576187547853785,0.01253323727042121,0.7338721417814541,0.7814609099690546,0.9825188073394494,0.0017865628247146215,0.978879378648874,0.9860728732276896,1.0,0.0,1.0,1.0
0.5,0.15,min,0.0,0.0,0.0,0.0,0.7443433747467484,0.011533386557922742,0.7214921839953684,0.7660139027139257,0.9971170433694745,0.0011096180920264166,0.9949121142618848,0.9990454545454543,1.0,0.0,1.0,1.0
0.5,0.2,linear,0.0,0.0,0.0,0.0,0.7584454237932592,0.013322335252258852,0.7341740348055262,0.785468662328159,0.8524410321646227,0.007209187841949535,0.8381155720821213,0.8661977568983498,1.0,0.0,1.0,1.0
0.5,0.2,geometric,0.0,0.0,0.0,0.0,0.7576187547853785,0.01253323727042121,0.7338721417814541,0.7814609099690546,0.9765702001668055,0.0023708765254190564,0.971530442035029,0.9811894286905752,1.0,0.0,1.0,1.0
0.5,0.2,min,0.0,0.0,0.0,0.0,0.7443433747467484,0.011533386557922742,0.7214921839953684,0.7660139027139257,0.9969980191826521,0.0011771281840247776,0.9946447039199331,0.999041180150125,1.0,0.0,1.0,1.0
0.5,0.25,linear,0.0,0.0,0.0,0.0,0.7584454237932592,0.013322335252258852,0.7341740348055262,0.785468662328159,0.8189631796054425,0.009008580485645372,0.8008848438870495,0.8359265448222745,1.0,0.0,1.0,1.0
0.5,0.25,geometric,0.0,0.0,0.0,0.0,0.7576187547853785,0.01253323727042121,0.7338721417814541,0.7814609099690546,0.9707175062552125,0.002949041846623511,0.9646562760633859,0.9763808381984985,1.0,0.0,1.0,1.0
0.5,0.25,min,0.0,0.0,0.0,0.0,0.7443433747467484,0.011533386557922742,0.7214921839953684,0.7660139027139257,0.9969888615512925,0.0011827026285318322,0.9945930984153462,0.999041180150125,1.0,0.0,1.0,1.0
0.5,0.3,linear,0.0,0.0,0.0,0.0,0.7584454237932592,0.013322335252258852,0.7341740348055262,0.785468662328159,0.7880748278306043,0.010682251195026462,0.7670338548823696,0.8080947724451171,1.0,0.0,1.0,1.0
0.5,0.3,geometric,0.0,0.0,0.0,0.0,0.7576187547853785,0.01253323727042121,0.7338721417814541,0.7814609099690546,0.9650383527939949,0.0035243921491593874,0.9579838407005836,0.9718654086738948,1.0,0.0,1.0,1.0
0.5,0.3,min,0.0,0.0,0.0,0.0,0.7443433747467484,0.011533386557922742,0.7214921839953684,0.7660139027139257,0.9969888615512925,0.0011827026285318322,0.9945930984153462,0.999041180150125,1.0,0.0,1.0,1.0
0.75,0.0,linear,0.07748000000000002,0.03595194211919771,0.02,0.15,0.8502395437426117,0.007968103239384421,0.8353422132994193,0.866130931328862,1.0,0.0,1.0,1.0,1.0,0.0,1.0,1.0
0.75,0.0,geometric,0.0,0.0,0.0,0.0,0.8175793524340013,0.010034493713855324,0.798411641664163,0.8366176664561961,1.0,0.0,1.0,1.0,1.0,0.0,1.0,1.0
0.75,0.0,min,0.0,0.0,0.0,0.0,0.7443433747467484,0.011533386557922742,0.7214921839953684,0.7660139027139257,1.0,0.0,1.0,1.0,1.0,0.0,1.0,1.0
0.75,0.05,linear,0.20864000000000002,0.045217198000263074,0.12,0.3,0.8754462853139396,0.007478453314518418,0.8617490442115238,0.8890090931402697,0.9471059812756437,0.0016911714652282494,0.9438146848671914,0.9503766798996122,0.7397415367293968,0.0405331449266883,0.6528925619834711,0.8181818181818182
0.75,0.05,geometric,0.0,0.0,0.0,0.0,0.8178383962346774,0.009916257607164487,0.7985748345544419,0.836835348153905,0.9855763427856545,0.0011764362286157575,0.9832816930775643,0.9879445371142617,0.9974870785765041,0.006874283776594622,0.9801980198019802,1.0
0.75,0.05,min,0.0,0.0,0.0,0.0,0.7443433747467484,0.011533386557922742,0.7214921839953684,0.7660139027139257,0.9984404753961633,0.0005510934674505169,0.9972602168473726,0.9994248331943284,1.0,0.0,1.0,1.0
0.75,0.1,linear,0.25055,0.07775759605172823,0.08,0.39,0.8795108129028897,0.008266884180487634,0.8616383303253129,0.8955041398933742,0.8973808412859762,0.00338340614963621,0.8910402927990888,0.9039759503064148,0.5962490715168067,0.06376673819918714,0.4925373134328358,0.7391304347826086
0.75,0.1,geometric,0.0,0.0,0.0,0.0,0.8182462428707586,0.009671324840404881,0.7998636028015282,0.836835348153905,0.9707942702251876,0.002324925202350822,0.9661301084236862,0.9753673894912427,0.992948373605537,0.012775801293136393,0.9607843137254902,1.0
0.75,0.1,min,0.0,0.0,0.0,0.0,0.7443433747467484,0.011533386557922742,0.7214921839953684,0.7660139027139257,0.9975221934945787,0.0009188097524229307,0.9955585904920767,0.9991537739783151,1.0,0.0,1.0,1.0
0.75,0.15,linear,0.19569,0.07914282966565883,0.03,0.35,0.8676229515779381,0.00721105810240333,0.8531142646410743,0.8814756178434238,0.8513269295853575,0.005113273254040627,0.8419541178265997,0.861389757366192,0.564789784259038,0.07378646903912449,0.4388489208633093,0.7241379310344828
0.75,0.15,geometric,0.0,0.0,0.0,0.0,0.8186679924828358,0.009460038948389071,0.8008444043165767,0.836835348153905,0.9559452210175146,0.0034708684855944668,0.9491736864053377,0.9630798582151793,0.9858998095571276,0.01962976965914772,0.941747572815534,1.0
0.75,0.15,min,0.0,0.0,0.0,0.0,0.7443433747467484,0.011533386557922742,0.7214921839953684,0.7660139027139257,0.9971170433694745,0.0011096180920264166,0.9949121142618848,0.9990454545454543,1.0,0.0,1.0,1.0
0.75,0.2,linear,0.13133,0.0761020539973963,0.0,0.28,0.8553023810960839,0.006864856032230172,0.8423474917694581,0.8681654790103958,0.8089977938444464,0.00683268603989379,0.7962772094554685,0.8226080286063946,0.549410283661361,0.07337912768706673,0.4184397163120567,0.6949152542372882
0.75,0.2,geometric,0.0,0.0,0.0,0.0,0.8189116531849576,0.009337045498220196,0.8017071855959247,0.836835348153905,0.9413262093411174,0.004631036478686668,0.9323044203502916,0.9509427648040032,0.9781632465321204,0.02552694916670129,0.9230769230769232,1.0
0.75,0.2,min,0.0,0.0,0.0,0.0,0.7443433747467484,0.011533386557922742,0.7214921839953684,0.7660139027139257,0.9969980191826521,0.0011771281840247776,0.9946447039199331,0.999041180150125,1.0,0.0,1.0,1.0
0.75,0.25,linear,0.06827000000000001,0.064588534421976,0.0,0.22,0.8426694389202605,0.007498734554392635,0.8279018123968539,0.8581845092702752,0.7706336709733589,0.00859443757770673,0.7544130687622421,0.7877256525757067,0.532413109307384,0.0645241997762334,0.4084507042253521,0.6528925619834711
0.75,0.25,geometric,0.0,0.0,0.0,0.0,0.8189546421724633,0.00929911496265645,0.8020784512886422,0.836835348153905,0.9271405087572976,0.005766463721379696,0.9160868432026689,0.938836738949124,0.9691133288817928,0.03265219600754602,0.8867924528301887,1.0
0.75,0.25,min,0.0,0.0,0.0,0.0,0.7443433747467484,0.011533386557922742,0.7214921839953684,0.7660139027139257,0.9969888615512925,0.0011827026285318322,0.9945930984153462,0.999041180150125,1.0,0.0,1.0,1.0
0.75,0.3,linear,0.02185,0.03919200828630135,0.0,0.13024999999999978,0.8295621184920786,0.00884564906492289,0.8123034379255518,0.8469519176202416,0.7361257757720004,0.01044922565854289,0.7171288683228986,0.7568798359109956,0.49856669841447154,0.05339828895062065,0.3986013986013986,0.6
0.75,0.3,geometric,0.0,0.0,0.0,0.0,0.8187032946908925,0.009416816566305539,0.8017660191185324,0.8366056254915758,0.9135864011676396,0.006896545382690551,0.900036488740617,0.9276641993327771,0.9615750239089257,0.038064424950959484,0.8691588785046729,1.0
0.75,0.3,min,0.0,0.0,0.0,0.0,0.7443433747467484,0.011533386557922742,0.7214921839953684,0.7660139027139257,0.9969888615512925,0.0011827026285318322,0.9945930984153462,0.999041180150125,1.0,0.0,1.0,1.0
0.9,0.0,linear,0.46188,0.04728743703883413,0.37,0.55,0.9127894076398806,0.005452317596798979,0.9015882637575885,0.9234924341529027,1.0,0.0,1.0,1.0,1.0,0.0,1.0,1.0
0.9,0.0,geometric,0.0,0.0,0.0,0.0,0.8466790864767397,0.008894141260208597,0.8295108344497604,0.8634981672956441,1.0,0.0,1.0,1.0,1.0,0.0,1.0,1.0
0.9,0.0,min,0.0,0.0,0.0,0.0,0.7443433747467484,0.011533386557922742,0.7214921839953684,0.7660139027139257,1.0,0.0,1.0,1.0,1.0,0.0,1.0,1.0
0.9,0.05,linear,0.59907,0.045966814638911495,0.5,0.68,0.9186840335696043,0.005199435604919999,0.9082249265113257,0.9288340320208718,0.9530543222552732,0.0017050696565660158,0.9496543800367573,0.9564744516455659,0.7338368353850903,0.04208566255708344,0.6528925619834711,0.8181818181818182
0.9,0.05,geometric,0.0,0.0,0.0,0.0,0.8496013201649075,0.008826452008330477,0.8320803550139477,0.8667991346123914,0.9807674311926604,0.001437106386384071,0.9779186822351958,0.9836493953294411,0.9271556524949183,0.03223923623060155,0.8691588785046729,0.9801980198019802
0.9,0.05,min,0.0,0.0,0.0,0.0,0.7443433747467484,0.011533386557922742,0.7214921839953684,0.7660139027139257,0.9984404753961633,0.0005510934674505169,0.9972602168473726,0.9994248331943284,1.0,0.0,1.0,1.0
0.9,0.1,linear,0.7195,0.042428176370781605,0.63,0.8,0.9171796846573781,0.005210313039934586,0.9062756961092876,0.9275599224360928,0.9101575198019728,0.003380021049906272,0.9035478255151492,0.9167043686311724,0.5510273360710257,0.04394985902407918,0.4705882352941176,0.639344262295082
0.9,0.1,geometric,0.0,0.0,0.0,0.0,0.8510415177485734,0.00874384631233994,0.8341274785034992,0.868022469851317,0.9614867806505419,0.0028590599370943836,0.9558214136780648,0.9671279190992492,0.8447983146475326,0.04262862654181449,0.7543859649122807,0.9230769230769232
0.9,0.1,min,0.0,0.0,0.0,0.0,0.7443433747467484,0.011533386557922742,0.7214921839953684,0.7660139027139257,0.9975221934945787,0.0009188097524229307,0.9955585904920767,0.9991537739783151,1.0,0.0,1.0,1.0
0.9,0.15,linear,0.8086500000000001,0.03791985516079162,0.73,0.88,0.9097365180071699,0.004827799643704259,0.9000227985805119,0.9187553532954976,0.8707194231883661,0.005022499409347822,0.8607095334709965,0.8803161339283694,0.4214912084194319,0.0433917136834297,0.3422818791946309,0.5037593984962406
0.9,0.15,geometric,0.0,0.0,0.0,0.0,0.8500713461357053,0.008797164723957746,0.8328399672411014,0.8670977507308141,0.9425278982485404,0.004258047980910334,0.9341354253544619,0.9512053794829023,0.7635431019980347,0.04739599735771661,0.6666666666666666,0.8518518518518519
0.9,0.15,min,0.0,0.0,0.0,0.0,0.7443433747467484,0.011533386557922742,0.7214921839953684,0.7660139027139257,0.9971170433694745,0.0011096180920264166,0.9949121142618848,0.9990454545454543,1.0,0.0,1.0,1.0
0.9,0.2,linear,0.7645799999999999,0.04626190402224885,0.67,0.85,0.8869101715188017,0.005158116719373006,0.8771393619486957,0.8970915639212906,0.8344437740078388,0.006684390517461314,0.8215305788843569,0.8474262243427951,0.28803434642842013,0.03519006562238746,0.2195121951219512,0.3605442176870748
0.9,0.2,geometric,0.0,0.0,0.0,0.0,0.846283374120713,0.00896185667986921,0.8281082243250723,0.863376395890866,0.924248231859883,0.005643183873612219,0.9131997497914927,0.9355559841534611,0.6828346462801426,0.04881235708915584,0.5873015873015873,0.7699115044247787
0.9,0.2,min,0.0,0.0,0.0,0.0,0.7443433747467484,0.011533386557922742,0.7214921839953684,0.7660139027139257,0.9969980191826521,0.0011771281840247776,0.9946447039199331,0.999041180150125,1.0,0.0,1.0,1.0
0.9,0.25,linear,0.69487,0.05134997487750038,0.59,0.79,0.8633418717176828,0.0065695763806689735,0.8504495051771103,0.875700346737264,0.8012052648276654,0.00823709325873266,0.7852199711868809,0.817328105543842,0.2226350914831812,0.029814376535564114,0.1695906432748538,0.282051282051282
0.9,0.25,geometric,0.0,0.0,0.0,0.0,0.8393153609563763,0.00950297141022468,0.8204271140754517,0.8569471104137258,0.9068621976647205,0.007014722480797255,0.8931335487906588,0.9208784403669722,0.6073813733984633,0.049351793480948404,0.5151515151515151,0.7094017094017094
0.9,0.25,min,0.0,0.0,0.0,0.0,0.7443433747467484,0.011533386557922742,0.7214921839953684,0.7660139027139257,0.9969888615512925,0.0011827026285318322,0.9945930984153462,0.999041180150125,1.0,0.0,1.0,1.0
0.9,0.3,linear,0.61881,0.0576524735610512,0.51,0.73,0.8404011963875381,0.008170967526137083,0.8251649655670459,0.8565356362712272,0.771230050375192,0.010025392053868369,0.7521177047038672,0.7907766177362316,0.18512185234984735,0.027432952398363276,0.1363636363636363,0.2422360248447205
0.9,0.3,geometric,0.0,0.0,0.0,0.0,0.829090652279232,0.01011431541494927,0.8097651241165029,0.8488075970147998,0.8905905504587155,0.00832598981803483,0.8742929524603835,0.907185154295246,0.5374331247089056,0.04753803596773827,0.4492753623188406,0.6260162601626016
0.9,0.3,min,0.0,0.0,0.0,0.0,0.7443433747467484,0.011533386557922742,0.7214921839953684,0.7660139027139257,0.9969888615512925,0.0011827026285318322,0.9945930984153462,0.999041180150125,1.0,0.0,1.0,1.0
